-- --------------------------------------------------
--
-- Discuz! SQL file for installation
-- $Id: discuz.sql 10517 2007-09-04 01:15:26Z monkey $
--
-- --------------------------------------------------

DROP TABLE IF EXISTS eke_access;
CREATE TABLE eke_access (
  uid mediumint(8) unsigned NOT NULL DEFAULT '0',
  fid smallint(6) unsigned NOT NULL DEFAULT '0',
  allowview tinyint(1) NOT NULL DEFAULT '0',
  allowpost tinyint(1) NOT NULL DEFAULT '0',
  allowreply tinyint(1) NOT NULL DEFAULT '0',
  allowgetattach tinyint(1) NOT NULL DEFAULT '0',
  allowpostattach tinyint(1) NOT NULL DEFAULT '0',
  PRIMARY KEY (uid,fid)
) TYPE=MyISAM;


DROP TABLE IF EXISTS eke_activities;
CREATE TABLE eke_activities (
  tid mediumint(8) unsigned NOT NULL DEFAULT '0',
  uid mediumint(8) unsigned NOT NULL DEFAULT '0',
  cost mediumint(8) unsigned NOT NULL DEFAULT '0',
  starttimefrom int(10) unsigned NOT NULL DEFAULT '0',
  starttimeto int(10) unsigned NOT NULL DEFAULT '0',
  place char(40) NOT NULL DEFAULT '',
  class char(20) NOT NULL DEFAULT '',
  gender tinyint(1) NOT NULL DEFAULT '0',
  number smallint(5) unsigned NOT NULL DEFAULT '0',
  expiration int(10) unsigned NOT NULL DEFAULT '0',
  PRIMARY KEY (tid),
  KEY uid (uid,starttimefrom)
) TYPE=MyISAM;


DROP TABLE IF EXISTS eke_activityapplies;
CREATE TABLE eke_activityapplies (
  applyid int(10) unsigned NOT NULL AUTO_INCREMENT,
  tid mediumint(8) unsigned NOT NULL DEFAULT '0',
  username char(15) NOT NULL DEFAULT '',
  uid mediumint(8) unsigned NOT NULL DEFAULT '0',
  message char(200) NOT NULL DEFAULT '',
  verified tinyint(1) NOT NULL DEFAULT '0',
  dateline int(10) unsigned NOT NULL DEFAULT '0',
  payment mediumint(8) NOT NULL DEFAULT '0',
  contact char(200) NOT NULL,
  PRIMARY KEY (applyid),
  KEY uid (uid),
  KEY tid (tid),
  KEY dateline (tid,dateline)
) TYPE=MyISAM;


DROP TABLE IF EXISTS eke_adminactions;
CREATE TABLE eke_adminactions (
  admingid smallint(6) unsigned NOT NULL DEFAULT '0',
  disabledactions text NOT NULL,
  PRIMARY KEY (admingid)
) TYPE=MyISAM;


DROP TABLE IF EXISTS eke_admingroups;
CREATE TABLE eke_admingroups (
  admingid smallint(6) unsigned NOT NULL DEFAULT '0',
  alloweditpost tinyint(1) NOT NULL DEFAULT '0',
  alloweditpoll tinyint(1) NOT NULL DEFAULT '0',
  allowstickthread tinyint(1) NOT NULL DEFAULT '0',
  allowmodpost tinyint(1) NOT NULL DEFAULT '0',
  allowdelpost tinyint(1) NOT NULL DEFAULT '0',
  allowmassprune tinyint(1) NOT NULL DEFAULT '0',
  allowrefund tinyint(1) NOT NULL DEFAULT '0',
  allowcensorword tinyint(1) NOT NULL DEFAULT '0',
  allowviewip tinyint(1) NOT NULL DEFAULT '0',
  allowbanip tinyint(1) NOT NULL DEFAULT '0',
  allowedituser tinyint(1) NOT NULL DEFAULT '0',
  allowmoduser tinyint(1) NOT NULL DEFAULT '0',
  allowbanuser tinyint(1) NOT NULL DEFAULT '0',
  allowpostannounce tinyint(1) NOT NULL DEFAULT '0',
  allowviewlog tinyint(1) NOT NULL DEFAULT '0',
  allowbanpost tinyint(1) NOT NULL DEFAULT '0',
  disablepostctrl tinyint(1) NOT NULL DEFAULT '0',
  supe_allowpushthread tinyint(1) NOT NULL DEFAULT '0',
  PRIMARY KEY (admingid)
) TYPE=MyISAM;

INSERT INTO eke_admingroups VALUES ('1','1','1','3','1','1','1','1','1','1','1','1','1','1','1','1','1','1','1');
INSERT INTO eke_admingroups VALUES ('2','1','0','2','1','1','1','1','1','1','1','1','1','1','1','1','1','1','0');
INSERT INTO eke_admingroups VALUES ('3','1','0','1','1','1','0','0','0','1','0','0','1','1','0','0','1','1','0');

DROP TABLE IF EXISTS eke_adminnotes;
CREATE TABLE eke_adminnotes (
  id mediumint(8) unsigned NOT NULL AUTO_INCREMENT,
  admin varchar(15) NOT NULL DEFAULT '',
  access tinyint(3) NOT NULL DEFAULT '0',
  adminid tinyint(3) NOT NULL DEFAULT '0',
  dateline int(10) unsigned NOT NULL DEFAULT '0',
  expiration int(10) unsigned NOT NULL DEFAULT '0',
  message text NOT NULL,
  PRIMARY KEY (id)
) TYPE=MyISAM;


DROP TABLE IF EXISTS eke_adminsessions;
CREATE TABLE eke_adminsessions (
  uid mediumint(8) unsigned NOT NULL DEFAULT '0',
  ip char(15) NOT NULL DEFAULT '',
  dateline int(10) unsigned NOT NULL DEFAULT '0',
  errorcount tinyint(1) NOT NULL DEFAULT '0'
) TYPE=MyISAM;

DROP TABLE IF EXISTS eke_advertisements;
CREATE TABLE eke_advertisements (
  advid mediumint(8) unsigned NOT NULL AUTO_INCREMENT,
  available tinyint(1) NOT NULL DEFAULT '0',
  `type` varchar(50) NOT NULL DEFAULT '0',
  displayorder tinyint(3) NOT NULL DEFAULT '0',
  title varchar(50) NOT NULL DEFAULT '',
  targets text NOT NULL,
  parameters text NOT NULL,
  `code` text NOT NULL,
  starttime int(10) unsigned NOT NULL DEFAULT '0',
  endtime int(10) unsigned NOT NULL DEFAULT '0',
  PRIMARY KEY (advid)
) TYPE=MyISAM;


DROP TABLE IF EXISTS eke_announcements;
CREATE TABLE eke_announcements (
  id smallint(6) unsigned NOT NULL AUTO_INCREMENT,
  author varchar(15) NOT NULL DEFAULT '',
  `subject` varchar(250) NOT NULL DEFAULT '',
  `type` tinyint(1) NOT NULL DEFAULT '0',
  displayorder tinyint(3) NOT NULL DEFAULT '0',
  starttime int(10) unsigned NOT NULL DEFAULT '0',
  endtime int(10) unsigned NOT NULL DEFAULT '0',
  message text NOT NULL,
  groups text NOT NULL,
  PRIMARY KEY (id),
  KEY timespan (starttime,endtime)
) TYPE=MyISAM;


DROP TABLE IF EXISTS eke_attachments;
CREATE TABLE eke_attachments (
  aid mediumint(8) unsigned NOT NULL AUTO_INCREMENT,
  tid mediumint(8) unsigned NOT NULL DEFAULT '0',
  pid int(10) unsigned NOT NULL DEFAULT '0',
  dateline int(10) unsigned NOT NULL DEFAULT '0',
  readperm tinyint(3) unsigned NOT NULL DEFAULT '0',
  price smallint(6) unsigned NOT NULL DEFAULT '0',
  filename char(100) NOT NULL DEFAULT '',
  description char(100) NOT NULL DEFAULT '',
  filetype char(50) NOT NULL DEFAULT '',
  filesize int(10) unsigned NOT NULL DEFAULT '0',
  attachment char(100) NOT NULL DEFAULT '',
  downloads mediumint(8) NOT NULL DEFAULT '0',
  isimage tinyint(1) unsigned NOT NULL DEFAULT '0',
  uid mediumint(8) unsigned NOT NULL DEFAULT '0',
  thumb tinyint(1) unsigned NOT NULL DEFAULT '0',
  remote tinyint(1) unsigned NOT NULL DEFAULT '0',
  PRIMARY KEY (aid),
  KEY tid (tid),
  KEY pid (pid,aid),
  KEY uid (uid)
) TYPE=MyISAM;


DROP TABLE IF EXISTS eke_attachpaymentlog;
CREATE TABLE eke_attachpaymentlog (
  uid mediumint(8) unsigned NOT NULL DEFAULT '0',
  aid mediumint(8) unsigned NOT NULL DEFAULT '0',
  authorid mediumint(8) unsigned NOT NULL DEFAULT '0',
  dateline int(10) unsigned NOT NULL DEFAULT '0',
  amount int(10) unsigned NOT NULL DEFAULT '0',
  netamount int(10) unsigned NOT NULL DEFAULT '0',
  PRIMARY KEY (aid,uid),
  KEY uid (uid),
  KEY authorid (authorid)
) TYPE=MyISAM;


DROP TABLE IF EXISTS eke_attachtypes;
CREATE TABLE eke_attachtypes (
  id smallint(6) unsigned NOT NULL AUTO_INCREMENT,
  extension char(12) NOT NULL DEFAULT '',
  maxsize int(10) unsigned NOT NULL DEFAULT '0',
  PRIMARY KEY (id)
) TYPE=MyISAM;


DROP TABLE IF EXISTS eke_banned;
CREATE TABLE eke_banned (
  id smallint(6) unsigned NOT NULL AUTO_INCREMENT,
  ip1 smallint(3) NOT NULL DEFAULT '0',
  ip2 smallint(3) NOT NULL DEFAULT '0',
  ip3 smallint(3) NOT NULL DEFAULT '0',
  ip4 smallint(3) NOT NULL DEFAULT '0',
  admin varchar(15) NOT NULL DEFAULT '',
  dateline int(10) unsigned NOT NULL DEFAULT '0',
  expiration int(10) unsigned NOT NULL DEFAULT '0',
  PRIMARY KEY (id)
) TYPE=MyISAM;


DROP TABLE IF EXISTS eke_bbcodes;
CREATE TABLE eke_bbcodes (
  id mediumint(8) unsigned NOT NULL AUTO_INCREMENT,
  available tinyint(1) NOT NULL DEFAULT '0',
  tag varchar(100) NOT NULL DEFAULT '',
  icon varchar(255) NOT NULL,
  replacement text NOT NULL,
  example varchar(255) NOT NULL DEFAULT '',
  explanation text NOT NULL,
  params tinyint(1) unsigned NOT NULL DEFAULT '1',
  prompt text NOT NULL,
  nest tinyint(3) unsigned NOT NULL DEFAULT '1',
  PRIMARY KEY (id)
) TYPE=MyISAM AUTO_INCREMENT=4;

INSERT INTO eke_bbcodes VALUES ('1','0','fly','bb_fly.gif','<marquee width=\"90%\" behavior=\"alternate\" scrollamount=\"3\">{1}</marquee>','[fly]This is sample text[/fly]','使内容横向滚动，这个效果类似 HTML 的 marquee 标签，注意：这个效果只在 Internet Explorer 浏览器下有效。','1','请输入滚动显示的文字:','1');
INSERT INTO eke_bbcodes VALUES ('2','0','flash','bb_flash.gif','<object classid=\"clsid:d27eke6e-ae6d-11cf-96b8-444553540000\" codebase=\"http://fpdownload.macromedia.com/pub/shockwave/cabs/flash/swflash.cab#version=7,0,0,0\" width=\"550\" height=\"400\"><param name=\"allowScriptAccess\" value=\"sameDomain\"><param name=\"movie\" value=\"{1}\"><param name=\"quality\" value=\"high\"><param name=\"bgcolor\" value=\"#ffffff\"><embed src=\"{1}\" quality=\"high\" bgcolor=\"#ffffff\" width=\"550\" height=\"400\" allowScriptAccess=\"sameDomain\" type=\"application/x-shockwave-flash\" pluginspage=\"http://www.macromedia.com/go/getflashplayer\" /></object>','Flash Movie','嵌入 Flash 动画','1','请输入 Flash 动画的 URL:','1');
INSERT INTO eke_bbcodes VALUES ('3','1','qq','bb_qq.gif','<a href=\"http://wpa.qq.com/msgrd?V=1&Uin={1}&amp;Site=[Discuz!]&amp;Menu=yes\" target=\"_blank\"><img src=\"http://wpa.qq.com/pa?p=1:{1}:1\" border=\"0\"></a>','[qq]688888[/qq]','显示 QQ 在线状态，点这个图标可以和他（她）聊天','1','请输入显示在线状态 QQ 号码:','1');
INSERT INTO eke_bbcodes VALUES ('4', '0', 'sup', 'bb_sup.gif', '<sup>{1}</sup>', 'X[sup]2[/sup]', '上标', 1, '请输入上标文字：', '1');
INSERT INTO eke_bbcodes VALUES ('5', '0', 'sub', 'bb_sub.gif', '<sub>{1}</sub>', 'X[sub]2[/sub]', '下标', 1, '请输入下标文字：', '1');


DROP TABLE IF EXISTS eke_buddys;
CREATE TABLE eke_buddys (
  uid mediumint(8) unsigned NOT NULL DEFAULT '0',
  buddyid mediumint(8) unsigned NOT NULL DEFAULT '0',
  grade tinyint(3) unsigned NOT NULL DEFAULT '1',
  dateline int(10) unsigned NOT NULL DEFAULT '0',
  description char(255) NOT NULL DEFAULT '',
  KEY uid (uid)
) TYPE=MyISAM;


DROP TABLE IF EXISTS eke_caches;
CREATE TABLE eke_caches (
  cachename varchar(32) NOT NULL,
  `type` tinyint(3) unsigned NOT NULL,
  dateline int(10) unsigned NOT NULL,
  expiration int(10) unsigned NOT NULL,
  `data` mediumtext NOT NULL,
  PRIMARY KEY (cachename),
  KEY expiration (`type`,expiration)
) TYPE=MyISAM;

DROP TABLE IF EXISTS eke_campaigns;
CREATE TABLE eke_campaigns (
  id mediumint(8) unsigned NOT NULL,
  `type` tinyint(1) unsigned NOT NULL,
  fid smallint(6) unsigned NOT NULL,
  tid mediumint(8) unsigned NOT NULL,
  `status` tinyint(1) NOT NULL DEFAULT '0',
  begintime int(10) unsigned NOT NULL,
  starttime int(10) unsigned NOT NULL,
  endtime int(10) unsigned NOT NULL,
  expiration int(10) unsigned NOT NULL,
  nextrun int(10) unsigned NOT NULL,
  PRIMARY KEY (id,`type`),
  KEY tid (tid),
  KEY nextrun (nextrun)
) TYPE=MyISAM;


DROP TABLE IF EXISTS eke_creditslog;
CREATE TABLE eke_creditslog (
  uid mediumint(8) unsigned NOT NULL DEFAULT '0',
  fromto char(15) NOT NULL DEFAULT '',
  sendcredits tinyint(1) NOT NULL DEFAULT '0',
  receivecredits tinyint(1) NOT NULL DEFAULT '0',
  send int(10) unsigned NOT NULL DEFAULT '0',
  receive int(10) unsigned NOT NULL DEFAULT '0',
  dateline int(10) unsigned NOT NULL DEFAULT '0',
  operation char(3) NOT NULL DEFAULT '',
  KEY uid (uid,dateline)
) TYPE=MyISAM;


DROP TABLE IF EXISTS eke_crons;
CREATE TABLE eke_crons (
  cronid smallint(6) unsigned NOT NULL AUTO_INCREMENT,
  available tinyint(1) NOT NULL DEFAULT '0',
  `type` enum('user','system') NOT NULL DEFAULT 'user',
  `name` char(50) NOT NULL DEFAULT '',
  filename char(50) NOT NULL DEFAULT '',
  lastrun int(10) unsigned NOT NULL DEFAULT '0',
  nextrun int(10) unsigned NOT NULL DEFAULT '0',
  weekday tinyint(1) NOT NULL DEFAULT '0',
  `day` tinyint(2) NOT NULL DEFAULT '0',
  `hour` tinyint(2) NOT NULL DEFAULT '0',
  `minute` char(36) NOT NULL DEFAULT '',
  PRIMARY KEY (cronid),
  KEY nextrun (available,nextrun)
) TYPE=MyISAM AUTO_INCREMENT=15;

INSERT INTO eke_crons VALUES ('1','1','system','清空今日发帖数','todayposts_daily.inc.php','1170601081','1170604800','-1','-1','0','0');
INSERT INTO eke_crons VALUES ('2','1','system','清空本月在线时间','onlinetime_monthly.inc.php','1170601081','1172678400','-1','1','0','0');
INSERT INTO eke_crons VALUES ('3','1','system','每日数据清理','cleanup_daily.inc.php','1170601083','1170624600','-1','-1','5','30');
INSERT INTO eke_crons VALUES ('4','1','system','生日统计与邮件祝福','birthdays_daily.inc.php','1170601084','1170604800','-1','-1','0','0');
INSERT INTO eke_crons VALUES ('5','1','system','主题回复通知','notify_daily.inc.php','1170601084','1170622800','-1','-1','5','00');
INSERT INTO eke_crons VALUES ('6','1','system','每日公告清理','announcements_daily.inc.php','1170601084','1170604800','-1','-1','0','0');
INSERT INTO eke_crons VALUES ('7','1','system','限时操作清理','threadexpiries_hourly.inc.php','1170601084','1170622800','-1','-1','5','0');
INSERT INTO eke_crons VALUES ('8','1','system','论坛推广清理','promotions_hourly.inc.php','1170601094','1170604800','-1','-1','0','00');
INSERT INTO eke_crons VALUES ('9','1','system','每月主题清理','cleanup_monthly.inc.php','0','1170600452','-1','1','6','00');
INSERT INTO eke_crons VALUES ('10','1','system','每日 X-Space更新用户','supe_daily.inc.php','0','1170600452','-1','-1','0','0');
INSERT INTO eke_crons VALUES ('12','1','system','道具自动补货','magics_daily.inc.php','0','1170600452','-1','-1','0','0');
INSERT INTO eke_crons VALUES ('13','1','system','每日验证问答更新','secqaa_daily.inc.php','0','1170600452','-1','-1','6','0');
INSERT INTO eke_crons VALUES ('14','1','system','每日标签更新','tags_daily.inc.php','0','1170600452','-1','-1','0','0');

DROP TABLE IF EXISTS eke_debateposts;
CREATE TABLE eke_debateposts (
  pid int(10) unsigned NOT NULL DEFAULT '0',
  stand tinyint(1) NOT NULL DEFAULT '0',
  tid mediumint(8) unsigned NOT NULL DEFAULT '0',
  uid mediumint(8) unsigned NOT NULL DEFAULT '0',
  dateline int(10) unsigned NOT NULL DEFAULT '0',
  voters mediumint(10) unsigned NOT NULL DEFAULT '0',
  voterids text NOT NULL,
  PRIMARY KEY (pid),
  KEY pid (pid,stand),
  KEY tid (tid,uid)
) TYPE=MyISAM;


DROP TABLE IF EXISTS eke_debates;
CREATE TABLE eke_debates (
  tid mediumint(8) unsigned NOT NULL DEFAULT '0',
  uid mediumint(8) unsigned NOT NULL DEFAULT '0',
  starttime int(10) unsigned NOT NULL DEFAULT '0',
  endtime int(10) unsigned NOT NULL DEFAULT '0',
  affirmdebaters mediumint(8) unsigned NOT NULL DEFAULT '0',
  negadebaters mediumint(8) unsigned NOT NULL DEFAULT '0',
  affirmvotes mediumint(8) unsigned NOT NULL DEFAULT '0',
  negavotes mediumint(8) unsigned NOT NULL DEFAULT '0',
  umpire varchar(15) NOT NULL DEFAULT '',
  winner tinyint(1) NOT NULL DEFAULT '0',
  bestdebater varchar(50) NOT NULL DEFAULT '',
  affirmpoint text NOT NULL,
  negapoint text NOT NULL,
  umpirepoint text NOT NULL,
  affirmvoterids text NOT NULL,
  negavoterids text NOT NULL,
  affirmreplies mediumint(8) unsigned NOT NULL,
  negareplies mediumint(8) unsigned NOT NULL,
  PRIMARY KEY (tid),
  KEY uid (uid,starttime)
) TYPE=MyISAM;


DROP TABLE IF EXISTS eke_failedlogins;
CREATE TABLE eke_failedlogins (
  ip char(15) NOT NULL DEFAULT '',
  count tinyint(1) unsigned NOT NULL DEFAULT '0',
  lastupdate int(10) unsigned NOT NULL DEFAULT '0',
  PRIMARY KEY (ip)
) TYPE=MyISAM;

DROP TABLE IF EXISTS eke_faqs;
CREATE TABLE eke_faqs (
  id smallint(6) NOT NULL AUTO_INCREMENT,
  fpid smallint(6) unsigned NOT NULL DEFAULT '0',
  displayorder tinyint(3) NOT NULL DEFAULT '0',
  identifier varchar(20) NOT NULL,
  keyword varchar(50) NOT NULL,
  title varchar(50) NOT NULL,
  message text NOT NULL,
  PRIMARY KEY (id),
  KEY displayplay (displayorder)
) TYPE=MyISAM AUTO_INCREMENT=35;

INSERT INTO eke_faqs VALUES ('1','0','1','','','用户须知','');
INSERT INTO eke_faqs VALUES ('2','1','1','','','我必须要注册吗？','这取决于管理员如何设置 Discuz! 论坛的用户组权限选项，您甚至有可能必须在注册成正式用户后后才能浏览帖子。当然，在通常情况下，您至少应该是正式用户才能发新帖和回复已有帖子。请 <a href="register.php" target="_blank">点击这里</a> 免费注册成为我们的新用户！\r\n<br /><br />强烈建议您注册，这样会得到很多以游客身份无法实现的功能。');
INSERT INTO eke_faqs VALUES ('3','1','2','login','登录帮助','我如何登录论坛？','如果您已经注册成为该论坛的会员，哪么您只要通过访问页面右上的<a href="logging.php?action=login" target="_blank">登录</a>，进入登陆界面填写正确的用户名和密码（如果您设有安全提问，请选择正确的安全提问并输入对应的答案），点击“提交”即可完成登陆如果您还未注册请点击这里。<br /><br />\r\n如果需要保持登录，请选择相应的 Cookie 时间，在此时间范围内您可以不必输入密码而保持上次的登录状态。');
INSERT INTO eke_faqs VALUES ('4','1','3','','','忘记我的登录密码，怎么办？','当您忘记了用户登录的密码，您可以通过注册时填写的电子邮箱重新设置一个新的密码。点击登录页面中的 <a href="member.php?action=lostpasswd" target="_blank">取回密码</a>，按照要求填写您的个人信息，系统将自动发送重置密码的邮件到您注册时填写的 Email 信箱中。如果您的 Email 已失效或无法收到信件，请与论坛管理员联系。');
INSERT INTO eke_faqs VALUES ('5','0','2','','','帖子相关操作','');
INSERT INTO eke_faqs VALUES ('6','0','3','','','基本功能操作','');
INSERT INTO eke_faqs VALUES ('7','0','4','','','其他相关问题','');
INSERT INTO eke_faqs VALUES ('8','1','4','','','我如何使用个性化头像','在<a href="memcp.php" target="_blank">控制面板</a>中的“编辑个人资料”，有一个“头像”的选项，可以使用论坛自带的头像或者自定义的头像。');
INSERT INTO eke_faqs VALUES ('9','1','5','','','我如何修改登录密码','在<a href="memcp.php" target="_blank">控制面板</a>中的“编辑个人资料”，填写“原密码”，“新密码”，“确认新密码”。点击“提交”，即可修改。');
INSERT INTO eke_faqs VALUES ('10','1','6','','','我如何使用个性化签名和昵称','在<a href="memcp.php" target="_blank">控制面板</a>中的“编辑个人资料”，有一个“昵称”和“个人签名”的选项，可以在此设置。');
INSERT INTO eke_faqs VALUES ('11','5','1','','','我如何发表新主题','在论坛版块中，点“新帖”，如果有权限，您可以看到有“投票，悬赏，活动，交易”，点击即可进入功能齐全的发帖界面。\r\n<br /><br />注意：一般论坛都设置为高级别的用户组才能发布这四类特殊主题。如发布普通主题，直接点击“新帖”，当然您也可以使用版块下面的“快速发帖”发表新帖(如果此选项打开)。一般论坛都设置为需要登录后才能发帖。');
INSERT INTO eke_faqs VALUES ('12','5','2','','','我如何发表回复','回复有分三种：第一、贴子最下方的快速回复； 第二、在您想回复的楼层点击右下方“回复”； 第三、完整回复页面，点击本页“新帖”旁边的“回复”。');
INSERT INTO eke_faqs VALUES ('13','5','3','','','我如何编辑自己的帖子','在帖子的右下角，有编辑，回复，报告等选项，点击编辑，就可以对帖子进行编辑。');
INSERT INTO eke_faqs VALUES ('14','5','4','','','我如何出售购买主题','<li>出售主题：\r\n当您进入发贴界面后，如果您所在的用户组有发买卖贴的权限，在“售价(金钱)”后面填写主题的价格，这样其他用户在查看这个帖子的时候就需要进入交费的过程才可以查看帖子。</li>\r\n<li>购买主题：\r\n浏览你准备购买的帖子，在帖子的相关信息的下面有[查看付款记录] [购买主题] [返回上一页] \r\n等链接，点击“购买主题”进行购买。</li>');
INSERT INTO eke_faqs VALUES ('15','5','5','','','我如何出售购买附件','<li>上传附件一栏有个售价的输入框，填入出售价格即可实现需要支付才可下载附件的功能。</li>\r\n<li>点击帖子中[购买附件]按钮或点击附件的下载链接会跳转至附件购买页面，确认付款的相关信息后点提交按钮，即可得到附件的下载权限。只需购买一次，就有该附件的永远下载权限。</li>');
INSERT INTO eke_faqs VALUES ('16','5','6','','','我如何上传附件','<li>发表新主题的时候上传附件，步骤为：写完帖子标题和内容后点上传附件右方的浏览，然后在本地选择要上传附件的具体文件名，最后点击发表话题。</li>\r\n<li>发表回复的时候上传附件，步骤为：写完回复楼主的内容，然后点上传附件右方的浏览，找到需要上传的附件，点击发表回复。</li>');
INSERT INTO eke_faqs VALUES ('17','5','7','','','我如何实现发帖时图文混排效果','<li>发表新主题的时候点击上传附件左侧的“[插入]”链接把附件标记插入到帖子中适当的位置即可。</li>');
INSERT INTO eke_faqs VALUES ('18','5','8','discuzcode','Discuz!代码','我如何使用Discuz!代码','<table width="99%" cellpadding="2" cellspacing="2">\r\n  <tr>\r\n    <th width="50%">Discuz!代码</th>\r\n    <th width="402">效果</th>\r\n  </tr>\r\n  <tr>\r\n    <td>[b]粗体文字 Abc[/b]</td>\r\n    <td><strong>粗体文字 Abc</strong></td>\r\n  </tr>\r\n  <tr>\r\n    <td>[i]斜体文字 Abc[/i]</td>\r\n    <td><em>斜体文字 Abc</em></td>\r\n  </tr>\r\n  <tr>\r\n    <td>[u]下划线文字 Abc[/u]</td>\r\n    <td><u>下划线文字 Abc</u></td>\r\n  </tr>\r\n  <tr>\r\n    <td>[color=red]红颜色[/color]</td>\r\n    <td><font color="red">红颜色</font></td>\r\n  </tr>\r\n  <tr>\r\n    <td>[size=3]文字大小为 3[/size] </td>\r\n    <td><font size="3">文字大小为 3</font></td>\r\n  </tr>\r\n  <tr>\r\n    <td>[font=仿宋]字体为仿宋[/font] </td>\r\n    <td><font face="仿宋">字体为仿宋</font></td>\r\n  </tr>\r\n  <tr>\r\n    <td>[align=Center]内容居中[/align] </td>\r\n    <td><div align="center">内容居中</div></td>\r\n  </tr>\r\n  <tr>\r\n    <td>[url]http://www.comsenz.com[/url]</td>\r\n    <td><a href="http://www.comsenz.com" target="_blank">http://www.comsenz.com</a>（超级链接）</td>\r\n  </tr>\r\n  <tr>\r\n    <td>[url=http://www.Discuz.net]Discuz! 论坛[/url]</td>\r\n    <td><a href="http://www.Discuz.net" target="_blank">Discuz! 论坛</a>（超级链接）</td>\r\n  </tr>\r\n  <tr>\r\n    <td>[email]myname@mydomain.com[/email]</td>\r\n    <td><a href="mailto:myname@mydomain.com">myname@mydomain.com</a>（E-mail链接）</td>\r\n  </tr>\r\n  <tr>\r\n    <td>[email=support@discuz.net]Discuz! 技术支持[/email]</td>\r\n    <td><a href="mailto:support@discuz.net">Discuz! 技术支持（E-mail链接）</a></td>\r\n  </tr>\r\n  <tr>\r\n    <td>[quote]Discuz! Board 是由康盛创想（北京）科技有限公司开发的论坛软件[/quote] </td>\r\n    <td><div style="font-size: 12px"><br /><br /><div class="quote"><h5>引用:</h5><blockquote>原帖由 <i>admin</i> 于 2006-12-26 08:45 发表<br />Discuz! Board 是由康盛创想（北京）科技有限公司开发的论坛软件</blockquote></div></td>\r\n  </tr>\r\n   <tr>\r\n    <td>[code]Discuz! Board 是由康盛创想（北京）科技有限公司开发的论坛软件[/code] </td>\r\n    <td><div style="font-size: 12px"><br /><br /><div class="blockcode"><h5>代码:</h5><code id="code0">Discuz! Board 是由康盛创想（北京）科技有限公司开发的论坛软件</code></div></td>\r\n  </tr>\r\n  <tr>\r\n    <td>[hide]隐藏内容 Abc[/hide]</td>\r\n    <td>效果:只有当浏览者回复本帖时，才显示其中的内容，否则显示为“<b>**** 隐藏信息 跟帖后才能显示 *****</b>”</td>\r\n  </tr>\r\n  <tr>\r\n    <td>[hide=20]隐藏内容 Abc[/hide]</td>\r\n    <td>效果:只有当浏览者积分高于 20 点时，才显示其中的内容，否则显示为“<b>**** 隐藏信息 积分高于 20 点才能显示 ****</b>”</td>\r\n  </tr>\r\n  <tr>\r\n    <td>[list][*]列表项 #1[*]列表项 #2[*]列表项 #3[/list]</td>\r\n    <td><ul>\r\n      <li>列表项 ＃1</li>\r\n      <li>列表项 ＃2</li>\r\n      <li>列表项 ＃3 </li>\r\n    </ul></td>\r\n  </tr>\r\n  <tr>\r\n    <td>[img]http://www.discuz.net/images/default/logo.gif[/img] </td>\r\n    <td>帖子内显示为：<img src="http://www.discuz.net/images/default/logo.gif" /></td>\r\n  </tr>\r\n  <tr>\r\n    <td>[img=88,31]http://www.discuz.net/images/logo.gif[/img] </td>\r\n    <td>帖子内显示为：<img src="http://www.discuz.net/images/logo.gif" /></td>\r\n  </tr> <tr>\r\n    <td>[media=400,300,1]多媒体 URL[/media]</td>\r\n    <td>帖子内嵌入多媒体，宽 400 高 300 自动播放</td>\r\n  </tr>\r\n <tr>\r\n    <td>[fly]飞行的效果[/fly]</td>\r\n    <td><marquee scrollamount="3" behavior="alternate" width="90%">飞行的效果</marquee></td>\r\n  </tr>\r\n  <tr>\r\n    <td>[flash]Flash网页地址 [/flash] </td>\r\n    <td>帖子内嵌入 Flash 动画</td>\r\n  </tr>\r\n  <tr>\r\n    <td>[qq]123456789[/qq]</td>\r\n    <td>在帖子内显示 QQ 在线状态，点这个图标可以和他（她）聊天</td>\r\n  </tr>\r\n  <tr>\r\n    <td>X[sup]2[/sup]</td>\r\n    <td>X<sup>2</sup></td>\r\n  </tr>\r\n  <tr>\r\n    <td>X[sub]2[/sub]</td>\r\n    <td>X<sub>2</sub></td>\r\n  </tr>\r\n  \r\n</table>');
INSERT INTO eke_faqs VALUES ('19','6','1','','','我如何使用短消息功能','您登录后，点击导航栏上的短消息按钮，即可进入短消息管理。\r\n点击[发送短消息]按钮，在"发送到"后输入收信人的用户名，填写完标题和内容，点提交(或按 Ctrl+Enter 发送)即可发出短消息。\r\n<br /><br />如果要保存到发件箱，以在提交前勾选"保存到发件箱中"前的复选框。\r\n<ul>\r\n<li>点击收件箱可打开您的收件箱查看收到的短消息。</li>\r\n<li>点击发件箱可查看保存在发件箱里的短消息。 </li>\r\n<li>点击已发送来查看对方是否已经阅读您的短消息。 </li>\r\n<li>点击搜索短消息就可通过关键字，发信人，收信人，搜索范围，排序类型等一系列条件设定来找到您需要查找的短消息。 </li>\r\n<li>点击导出短消息可以将自己的短消息导出htm文件保存在自己的电脑里。 </li>\r\n<li>点击忽略列表可以设定忽略人员，当这些被添加的忽略用户给您发送短消息时将不予接收。</li>\r\n</ul>');
INSERT INTO eke_faqs VALUES ('20','6','2','','','我如何向好友群发短消息','登录论坛后，点击短消息，然后点发送短消息，如果有好友的话，好友群发后面点击全选，可以给所有的好友群发短消息。');
INSERT INTO eke_faqs VALUES ('21','6','3','','','我如何查看论坛会员数据','点击导航栏上面的会员，然后显示的是此论坛的会员数据。注：需要论坛管理员开启允许你查看会员资料才可看到。');
INSERT INTO eke_faqs VALUES ('22','6','4','','','我如何使用搜索','点击导航栏上面的搜索，输入搜索的关键字并选择一个范围，就可以检索到您有权限访问论坛中的相关的帖子。');
INSERT INTO eke_faqs VALUES ('23','6','5','','','我如何使用“我的”功能','<li>会员必须首先<a href="logging.php?action=login" target="_blank">登录</a>，没有用户名的请先<a href="register.php" target="_blank">注册</a>；</li>\r\n<li>登录之后在论坛的左上方会出现一个“我的”的超级链接，点击这个链接之后就可进入到有关于您的信息。</li>');
INSERT INTO eke_faqs VALUES ('24','7','1','','','我如何向管理员报告帖子','打开一个帖子，在帖子的右下角可以看到：“编辑”、“引用”、“报告”、“评分”、“回复”等等几个按钮，点击其中的“报告”按钮进入报告页面，填写好“我的意见”，单击“报告”按钮即可完成报告某个帖子的操作。');
INSERT INTO eke_faqs VALUES ('25','7','2','','','我如何“打印”，“推荐”，“订阅”，“收藏”帖子','当你浏览一个帖子时，在它的右上角可以看到：“打印”、“推荐”、“订阅”、“收藏”，点击相对应的文字连接即可完成相关的操作。');
INSERT INTO eke_faqs VALUES ('26','7','3','','','我如何设置论坛好友','设置论坛好友有3种简单的方法。\r\n<ul>\r\n<li>当您浏览帖子的时候可以点击“发表时间”右侧的“加为好友”设置论坛好友。</li>\r\n<li>当您浏览某用户的个人资料时，可以点击头像下方的“加为好友”设置论坛好友。</li>\r\n<li>您也可以在控制面板中的好友列表增加您的论坛好友。</li>\r\n<ul>');
INSERT INTO eke_faqs VALUES ('27','7','4','','','我如何使用RSS订阅','在论坛的首页和进入版块的页面的右上角就会出现一个rss订阅的小图标<img src="images/common/xml.gif" border="0">，鼠标点击之后将出现本站点的rss地址，你可以将此rss地址放入到你的rss阅读器中进行订阅。');
INSERT INTO eke_faqs VALUES ('28','7','5','','','我如何清除Cookies','cookie是由浏览器保存在系统内的，在论坛的右下角提供有"清除 Cookies"的功能，点击后即可帮您清除系统内存储的Cookies。 <br /><br />\r\n以下介绍3种常用浏览器的Cookies清除方法(注：此方法为清除全部的Cookies,请谨慎使用)\r\n<ul>\r\n<li>Internet Explorer: 工具（选项）内的Internet选项→常规选项卡内，IE6直接可以看到删除Cookies的按钮点击即可，IE7为“浏 览历史记录”选项内的删除点击即可清空Cookies。对于Maxthon,腾讯TT等IE核心浏览器一样适用。 </li>\r\n<li>FireFox:工具→选项→隐私→Cookies→显示Cookie里可以对Cookie进行对应的删除操作。 </li>\r\n<li>Opera:工具→首选项→高级→Cookies→管理Cookies即可对Cookies进行删除的操作。</li>\r\n</ul>');
INSERT INTO eke_faqs VALUES ('29','7','6','','','我如何联系管理员','您可以通过论坛底部右下角的“联系我们”链接快速的发送邮件与我们联系。也可以通过管理团队中的用户资料发送短消息给我们。');
INSERT INTO eke_faqs VALUES ('30','7','7','','','我如何开通个人空间','如果您有权限开通“我的个人空间”，当用户登录论坛以后在论坛首页，用户名的右方点击开通我的个人空间，进入个人空间的申请页面。');
INSERT INTO eke_faqs VALUES ('31','7','8','','','我如何将自己的主题加入个人空间','如果您有权限开通“我的个人空间”，在您发表的主题上方点击“加入个人空间”，您发表的主题以及回复都会加入到您空间的日志里。');
INSERT INTO eke_faqs VALUES ('32','5','9','smilies','表情','我如何使用表情代码','表情是一些用字符表示的表情符号，如果打开表情功能，Discuz! 会把一些符号转换成小图像，显示在帖子中，更加美观明了。目前支持下面这些表情：<br /><br />\r\n<table cellspacing="0" cellpadding="4" width="30%" align="center">\r\n<tr><th width="25%" align="center">表情符号</td>\r\n<th width="75%" align="center">对应图像</td>\r\n</tr>\r\n<tr>\r\n<td width="25%" align="center">:)</td>\r\n<td width="75%" align="center"><img src="images/smilies/default/smile.gif" alt="" /></td>\r\n</tr>\r\n<tr>\r\n<td width="25%" align="center">:(</td>\r\n<td width="75%" align="center"><img src="images/smilies/default/sad.gif" alt="" /></td>\r\n</tr>\r\n<tr>\r\n<td width="25%" align="center">:D</td>\r\n<td width="75%" align="center"><img src="images/smilies/default/biggrin.gif" alt="" /></td>\r\n</tr>\r\n<tr>\r\n<td width="25%" align="center">:\\\'(</td>\r\n<td width="75%" align="center"><img src="images/smilies/default/cry.gif" alt="" /></td>\r\n</tr>\r\n<tr>\r\n<td width="25%" align="center">:@</td>\r\n<td width="75%" align="center"><img src="images/smilies/default/huffy.gif" alt="" /></td>\r\n</tr>\r\n<tr>\r\n<td width="25%" align="center">:o</td>\r\n<td width="75%" align="center"><img src="images/smilies/default/shocked.gif" alt="" /></td>\r\n</tr>\r\n<tr>\r\n<td width="25%" align="center">:P</td>\r\n<td width="75%" align="center"><img src="images/smilies/default/tongue.gif" alt="" /></td>\r\n</tr>\r\n<tr>\r\n<td width="25%" align="center">:$</td>\r\n<td width="75%" align="center"><img src="images/smilies/default/shy.gif" alt="" /></td>\r\n</tr>\r\n<tr>\r\n<td width="25%" align="center">;P</td>\r\n<td width="75%" align="center"><img src="images/smilies/default/titter.gif" alt="" /></td>\r\n</tr>\r\n<tr>\r\n<td width="25%" align="center">:L</td>\r\n<td width="75%" align="center"><img src="images/smilies/default/sweat.gif" alt="" /></td>\r\n</tr>\r\n<tr>\r\n<td width="25%" align="center">:Q</td>\r\n<td width="75%" align="center"><img src="images/smilies/default/mad.gif" alt="" /></td>\r\n</tr>\r\n<tr>\r\n<td width="25%" align="center">:lol</td>\r\n<td width="75%" align="center"><img src="images/smilies/default/lol.gif" alt="" /></td>\r\n</tr>\r\n<tr>\r\n<td width="25%" align="center">:hug:</td>\r\n<td width="75%" align="center"><img src="images/smilies/default/hug.gif" alt="" /></td>\r\n</tr>\r\n<tr>\r\n<td width="25%" align="center">:victory:</td>\r\n<td width="75%" align="center"><img src="images/smilies/default/victory.gif" alt="" /></td>\r\n</tr>\r\n<tr>\r\n<td width="25%" align="center">:time:</td>\r\n<td width="75%" align="center"><img src="images/smilies/default/time.gif" alt="" /></td>\r\n</tr>\r\n<tr>\r\n<td width="25%" align="center">:kiss:</td>\r\n<td width="75%" align="center"><img src="images/smilies/default/kiss.gif" alt="" /></td>\r\n</tr>\r\n<tr>\r\n<td width="25%" align="center">:handshake</td>\r\n<td width="75%" align="center"><img src="images/smilies/default/handshake.gif" alt="" /></td>\r\n</tr>\r\n<tr>\r\n<td width="25%" align="center">:call:</td>\r\n<td width="75%" align="center"><img src="images/smilies/default/call.gif" alt="" /></td>\r\n</tr>\r\n</table>\r\n</div></div>\r\n<br />');
INSERT INTO eke_faqs VALUES ('33','0','5','','','论坛高级功能使用','');
INSERT INTO eke_faqs VALUES ('34','33','0','forwardmessagelist','','论坛快速跳转关键字列表','Discuz! 支持自定义快速跳转页面，当某些操作完成后，可以不显示提示信息，直接跳转到新的页面，从而方便用户进行下一步操作，避免等待。 在实际使用当中，您根据需要，把关键字添加到快速跳转设置里面(后台 -- 基本设置 --  界面与显示方式 -- [<a href="admincp.php?action=settings&do=styles&frames=yes" target="_blank">提示信息跳转设置</a> ])，让某些信息不显示而实现快速跳转。以下是 Discuz! 当中的一些常用信息的关键字:\r\n</br></br>\r\n\r\n<table width="99%" cellpadding="2" cellspacing="2">\r\n  <tr>\r\n    <td width="50%">关键字</td>\r\n    <td width="50%">提示信息页面或者作用</td>\r\n  </tr>\r\n  <tr>\r\n    <td>login_succeed</td>\r\n    <td>登录成功</td>\r\n  </tr>\r\n  <tr>\r\n    <td>logout_succeed</td>\r\n    <td>退出登录成功</td>\r\n  </tr>\r\n    <tr>\r\n    <td>thread_poll_succeed</td>\r\n    <td>投票成功</td>\r\n  </tr>\r\n    <tr>\r\n    <td>thread_rate_succeed</td>\r\n    <td>评分成功</td>\r\n  </tr>\r\n    <tr>\r\n    <td>register_succeed</td>\r\n    <td>注册成功</td>\r\n  </tr>\r\n    <tr>\r\n    <td>usergroups_join_succeed</td>\r\n    <td>加入扩展组成功</td>\r\n  </tr>\r\n    <tr>\r\n    <td height="22">usergroups_exit_succeed</td>\r\n    <td>退出扩展组成功</td>\r\n  </tr>\r\n  <tr>\r\n    <td>usergroups_update_succeed</td>\r\n    <td>更新扩展组成功</td>\r\n  </tr>\r\n    <tr>\r\n    <td>buddy_update_succeed</td>\r\n    <td>好友更新成功</td>\r\n  </tr>\r\n    <tr>\r\n    <td>post_edit_succeed</td>\r\n    <td>编辑帖子成功</td>\r\n  </tr>\r\n    <tr>\r\n    <td>post_edit_delete_succeed</td>\r\n    <td>删除帖子成功</td>\r\n  </tr>\r\n    <tr>\r\n    <td>post_reply_succeed</td>\r\n    <td>回复成功</td>\r\n  </tr>\r\n    <tr>\r\n    <td>post_newthread_succeed</td>\r\n    <td>发表新主题成功</td>\r\n  </tr>\r\n    <tr>\r\n    <td>post_reply_blog_succeed</td>\r\n    <td>文集评论发表成功</td>\r\n  </tr>\r\n    <tr>\r\n    <td>post_newthread_blog_succeed</td>\r\n    <td>blog 发表成功</td>\r\n  </tr>\r\n    <tr>\r\n    <td>profile_avatar_succeed</td>\r\n    <td>头像设置成功</td>\r\n  </tr>\r\n    <tr>\r\n    <td>profile_succeed</td>\r\n    <td>个人资料更新成功</td>\r\n  </tr>\r\n    <tr>\r\n    <td>pm_send_succeed</td>\r\n    <td>短消息发送成功</td>\r\n  </tr>\r\n  </tr>\r\n    <tr>\r\n    <td>pm_delete_succeed</td>\r\n    <td>短消息删除成功</td>\r\n  </tr>\r\n  </tr>\r\n    <tr>\r\n    <td>pm_ignore_succeed</td>\r\n    <td>短消息忽略列表更新</td>\r\n  </tr>\r\n    <tr>\r\n    <td>admin_succeed</td>\r\n    <td>管理操作成功〔注意：设置此关键字后，所有管理操作完毕都将直接跳转〕</td>\r\n  </tr>\r\n    <tr>\r\n    <td>admin_succeed_next&nbsp;</td>\r\n    <td>管理成功并将跳转到下一个管理动作</td>\r\n  </tr> \r\n    <tr>\r\n    <td>search_redirect</td>\r\n    <td>搜索完成，进入搜索结果列表</td>\r\n  </tr>\r\n</table>');

DROP TABLE IF EXISTS eke_favorites;
CREATE TABLE eke_favorites (
  uid mediumint(8) unsigned NOT NULL DEFAULT '0',
  tid mediumint(8) unsigned NOT NULL DEFAULT '0',
  fid smallint(6) unsigned NOT NULL DEFAULT '0',
  KEY uid (uid)
) TYPE=MyISAM;


DROP TABLE IF EXISTS eke_forumfields;
CREATE TABLE eke_forumfields (
  fid smallint(6) unsigned NOT NULL DEFAULT '0',
  description text NOT NULL,
  `password` varchar(12) NOT NULL DEFAULT '',
  icon varchar(255) NOT NULL DEFAULT '',
  postcredits varchar(255) NOT NULL DEFAULT '',
  replycredits varchar(255) NOT NULL DEFAULT '',
  getattachcredits varchar(255) NOT NULL DEFAULT '',
  postattachcredits varchar(255) NOT NULL DEFAULT '',
  digestcredits varchar(255) NOT NULL DEFAULT '',
  redirect varchar(255) NOT NULL DEFAULT '',
  attachextensions varchar(255) NOT NULL DEFAULT '',
  formulaperm text NOT NULL,
  moderators text NOT NULL,
  rules text NOT NULL,
  threadtypes text NOT NULL,
  viewperm text NOT NULL,
  postperm text NOT NULL,
  replyperm text NOT NULL,
  getattachperm text NOT NULL,
  postattachperm text NOT NULL,
  keywords text NOT NULL,
  supe_pushsetting text NOT NULL,
  modrecommend text NOT NULL,
  tradetypes text NOT NULL,
  typemodels mediumtext NOT NULL,
  PRIMARY KEY (fid)
) TYPE=MyISAM;

INSERT INTO eke_forumfields VALUES ('1','','','','','','','','','','','','','','','','','','','','','','','','');
INSERT INTO eke_forumfields VALUES ('2','','','','','','','','','','','','','','','','','','','','','','','','');

DROP TABLE IF EXISTS eke_forumlinks;
CREATE TABLE eke_forumlinks (
  id smallint(6) unsigned NOT NULL AUTO_INCREMENT,
  displayorder tinyint(3) NOT NULL DEFAULT '0',
  `name` varchar(100) NOT NULL DEFAULT '',
  url varchar(100) NOT NULL DEFAULT '',
  description mediumtext NOT NULL,
  logo varchar(100) NOT NULL DEFAULT '',
  PRIMARY KEY (id)
) TYPE=MyISAM AUTO_INCREMENT=2;

INSERT INTO eke_forumlinks VALUES ('1','0','Discuz! 官方论坛','http://www.discuz.com','提供最新 Discuz! 产品新闻、软件下载与技术交流','images/logo.gif');

DROP TABLE IF EXISTS eke_forumrecommend;
CREATE TABLE eke_forumrecommend (
  fid smallint(6) unsigned NOT NULL,
  tid mediumint(8) unsigned NOT NULL,
  displayorder tinyint(1) NOT NULL,
  `subject` char(80) NOT NULL,
  author char(15) NOT NULL,
  authorid mediumint(8) NOT NULL,
  moderatorid mediumint(8) NOT NULL,
  expiration int(10) unsigned NOT NULL,
  PRIMARY KEY (tid),
  KEY displayorder (fid,displayorder)
) TYPE=MyISAM;


DROP TABLE IF EXISTS eke_forums;
CREATE TABLE eke_forums (
  fid smallint(6) unsigned NOT NULL AUTO_INCREMENT,
  fup smallint(6) unsigned NOT NULL DEFAULT '0',
  `type` enum('group','forum','sub') NOT NULL DEFAULT 'forum',
  `name` char(50) NOT NULL DEFAULT '',
  `status` tinyint(1) NOT NULL DEFAULT '0',
  displayorder tinyint(3) NOT NULL DEFAULT '0',
  styleid smallint(6) unsigned NOT NULL DEFAULT '0',
  threads mediumint(8) unsigned NOT NULL DEFAULT '0',
  posts mediumint(8) unsigned NOT NULL DEFAULT '0',
  todayposts mediumint(8) unsigned NOT NULL DEFAULT '0',
  lastpost char(110) NOT NULL DEFAULT '',
  allowsmilies tinyint(1) NOT NULL DEFAULT '0',
  allowhtml tinyint(1) NOT NULL DEFAULT '0',
  allowbbcode tinyint(1) NOT NULL DEFAULT '0',
  allowimgcode tinyint(1) NOT NULL DEFAULT '0',
  allowmediacode tinyint(1) NOT NULL DEFAULT '0',
  allowanonymous tinyint(1) NOT NULL DEFAULT '0',
  allowshare tinyint(1) NOT NULL DEFAULT '0',
  allowpostspecial smallint(6) unsigned NOT NULL DEFAULT '0',
  allowspecialonly tinyint(1) unsigned NOT NULL DEFAULT '0',
  alloweditrules tinyint(1) NOT NULL DEFAULT '0',
  recyclebin tinyint(1) NOT NULL DEFAULT '0',
  modnewposts tinyint(1) NOT NULL DEFAULT '0',
  jammer tinyint(1) NOT NULL DEFAULT '0',
  disablewatermark tinyint(1) NOT NULL DEFAULT '0',
  inheritedmod tinyint(1) NOT NULL DEFAULT '0',
  autoclose smallint(6) NOT NULL DEFAULT '0',
  forumcolumns tinyint(3) unsigned NOT NULL DEFAULT '0',
  threadcaches tinyint(1) NOT NULL DEFAULT '0',
  allowpaytoauthor tinyint(1) unsigned NOT NULL DEFAULT '1',
  alloweditpost tinyint(1) unsigned NOT NULL DEFAULT '1',
  `simple` tinyint(1) unsigned NOT NULL,
  PRIMARY KEY (fid),
  KEY forum (`status`,`type`,displayorder),
  KEY fup (fup)
) TYPE=MyISAM AUTO_INCREMENT=3;

INSERT INTO eke_forums VALUES ('1','0','group','Discuz!','1','0','0','0','0','0','','0','0','1','1','1','0','1','63','0','0','0','0','0','0','0','0','0','0','1','1','0');
INSERT INTO eke_forums VALUES ('2','1','forum','默认版块','1','0','0','0','0','0','','1','0','1','1','1','0','1','63','0','0','0','0','0','0','0','0','0','0','1','1','0');

DROP TABLE IF EXISTS eke_imagetypes;
CREATE TABLE eke_imagetypes (
  typeid smallint(6) unsigned NOT NULL AUTO_INCREMENT,
  `name` char(20) NOT NULL,
  `type` enum('smiley','icon','avatar') NOT NULL DEFAULT 'smiley',
  displayorder tinyint(3) NOT NULL DEFAULT '0',
  `directory` char(100) NOT NULL,
  PRIMARY KEY (typeid)
) TYPE=MyISAM;

INSERT INTO eke_imagetypes VALUES ('1','默认表情','smiley','1','default');


DROP TABLE IF EXISTS eke_invites;
CREATE TABLE eke_invites (
  uid mediumint(8) unsigned NOT NULL DEFAULT '0',
  dateline int(10) unsigned NOT NULL DEFAULT '0',
  expiration int(10) unsigned NOT NULL DEFAULT '0',
  inviteip char(15) NOT NULL,
  invitecode char(16) NOT NULL,
  reguid mediumint(8) unsigned NOT NULL DEFAULT '0',
  regdateline int(10) unsigned NOT NULL DEFAULT '0',
  `status` tinyint(1) NOT NULL DEFAULT '1',
  KEY uid (uid,`status`),
  KEY invitecode (invitecode)
) TYPE=MyISAM;


DROP TABLE IF EXISTS eke_itempool;
CREATE TABLE eke_itempool (
  id smallint(6) unsigned NOT NULL AUTO_INCREMENT,
  `type` tinyint(1) unsigned NOT NULL,
  question text NOT NULL,
  answer varchar(50) NOT NULL,
  PRIMARY KEY (id)
) TYPE=MyISAM AUTO_INCREMENT=1;


DROP TABLE IF EXISTS eke_magiclog;
CREATE TABLE eke_magiclog (
  uid mediumint(8) unsigned NOT NULL DEFAULT '0',
  magicid smallint(6) unsigned NOT NULL DEFAULT '0',
  `action` tinyint(1) NOT NULL DEFAULT '0',
  dateline int(10) unsigned NOT NULL DEFAULT '0',
  amount smallint(6) unsigned NOT NULL DEFAULT '0',
  price mediumint(8) unsigned NOT NULL DEFAULT '0',
  targettid mediumint(8) unsigned NOT NULL DEFAULT '0',
  targetpid int(10) unsigned NOT NULL DEFAULT '0',
  targetuid mediumint(8) unsigned NOT NULL DEFAULT '0',
  KEY uid (uid,dateline),
  KEY targetuid (targetuid,dateline)
) TYPE=MyISAM;


DROP TABLE IF EXISTS eke_magicmarket;
CREATE TABLE eke_magicmarket (
  mid smallint(6) unsigned NOT NULL AUTO_INCREMENT,
  magicid smallint(6) unsigned NOT NULL DEFAULT '0',
  uid mediumint(8) unsigned NOT NULL DEFAULT '0',
  username char(15) NOT NULL,
  price mediumint(8) unsigned NOT NULL DEFAULT '0',
  num smallint(6) unsigned NOT NULL DEFAULT '0',
  PRIMARY KEY (mid),
  KEY num (magicid,num),
  KEY price (magicid,price),
  KEY uid (uid)
) TYPE=MyISAM AUTO_INCREMENT=1;


DROP TABLE IF EXISTS eke_magics;
CREATE TABLE eke_magics (
  magicid smallint(6) unsigned NOT NULL AUTO_INCREMENT,
  available tinyint(1) NOT NULL DEFAULT '0',
  `type` tinyint(3) NOT NULL DEFAULT '0',
  `name` varchar(50) NOT NULL,
  identifier varchar(40) NOT NULL,
  description varchar(255) NOT NULL,
  displayorder tinyint(3) NOT NULL DEFAULT '0',
  price mediumint(8) unsigned NOT NULL DEFAULT '0',
  num smallint(6) unsigned NOT NULL DEFAULT '0',
  salevolume smallint(6) unsigned NOT NULL DEFAULT '0',
  supplytype tinyint(1) NOT NULL DEFAULT '0',
  supplynum smallint(6) unsigned NOT NULL DEFAULT '0',
  weight tinyint(3) unsigned NOT NULL DEFAULT '1',
  filename varchar(50) NOT NULL,
  magicperm text NOT NULL,
  PRIMARY KEY (magicid),
  UNIQUE KEY identifier (identifier),
  KEY displayorder (available,displayorder)
) TYPE=MyISAM AUTO_INCREMENT=13;

INSERT INTO eke_magics VALUES ('1','1','1','变色卡','CCK','可以变换主题的颜色,并保存24小时','0','10','999','0','0','0','20','magic_color.inc.php','');
INSERT INTO eke_magics VALUES ('2','1','3','金钱卡','MOK','可以随机获得一些金币','0','10','999','0','0','0','30','magic_money.inc.php','');
INSERT INTO eke_magics VALUES ('3','1','1','IP卡','SEK','可以查看帖子作者的IP','0','15','999','0','0','0','30','magic_see.inc.php','');
INSERT INTO eke_magics VALUES ('4','1','1','提升卡','UPK','可以提升某个主题','0','10','999','0','0','0','30','magic_up.inc.php','');
INSERT INTO eke_magics VALUES ('5','1','1','置顶卡','TOK','可以将主题置顶24小时','0','20','999','0','0','0','40','magic_top.inc.php','');
INSERT INTO eke_magics VALUES ('6','1','1','悔悟卡','REK','可以删除自己的帖子','0','10','999','0','0','0','30','magic_del.inc.php','');
INSERT INTO eke_magics VALUES ('7','1','2','狗仔卡','RTK','查看某个用户是否在线','0','15','999','0','0','0','30','magic_reporter.inc.php','');
INSERT INTO eke_magics VALUES ('8','1','1','沉默卡','CLK','24小时内不能回复','0','15','999','0','0','0','30','magic_close.inc.php','');
INSERT INTO eke_magics VALUES ('9','1','1','喧嚣卡','OPK','使贴子可以回复','0','15','999','0','0','0','30','magic_open.inc.php','');
INSERT INTO eke_magics VALUES ('10','1','1','隐身卡','YSK','可以将自己的帖子匿名','0','20','999','0','0','0','30','magic_hidden.inc.php','');
INSERT INTO eke_magics VALUES ('11','1','1','恢复卡','CBK','将匿名恢复为正常显示的用户名,匿名终结者','0','15','999','0','0','0','20','magic_renew.inc.php','');
INSERT INTO eke_magics VALUES ('12','1','1','移动卡','MVK','可将自已的帖子移动到其他版面（隐含、特殊限定版面除外）','0','50','989','0','0','0','50','magic_move.inc.php','');

DROP TABLE IF EXISTS eke_medals;
CREATE TABLE eke_medals (
  medalid smallint(6) unsigned NOT NULL AUTO_INCREMENT,
  `name` varchar(50) NOT NULL DEFAULT '',
  available tinyint(1) NOT NULL DEFAULT '0',
  image varchar(30) NOT NULL DEFAULT '',
  PRIMARY KEY (medalid)
) TYPE=MyISAM AUTO_INCREMENT=11;

INSERT INTO eke_medals VALUES ('1','Medal No.1','0','medal1.gif');
INSERT INTO eke_medals VALUES ('2','Medal No.2','0','medal2.gif');
INSERT INTO eke_medals VALUES ('3','Medal No.3','0','medal3.gif');
INSERT INTO eke_medals VALUES ('4','Medal No.4','0','medal4.gif');
INSERT INTO eke_medals VALUES ('5','Medal No.5','0','medal5.gif');
INSERT INTO eke_medals VALUES ('6','Medal No.6','0','medal6.gif');
INSERT INTO eke_medals VALUES ('7','Medal No.7','0','medal7.gif');
INSERT INTO eke_medals VALUES ('8','Medal No.8','0','medal8.gif');
INSERT INTO eke_medals VALUES ('9','Medal No.9','0','medal9.gif');
INSERT INTO eke_medals VALUES ('10','Medal No.10','0','medal10.gif');

DROP TABLE IF EXISTS eke_memberfields;
CREATE TABLE eke_memberfields (
  uid mediumint(8) unsigned NOT NULL DEFAULT '0',
  nickname varchar(30) NOT NULL DEFAULT '',
  site varchar(75) NOT NULL DEFAULT '',
  alipay varchar(50) NOT NULL DEFAULT '',
  icq varchar(12) NOT NULL DEFAULT '',
  qq varchar(12) NOT NULL DEFAULT '',
  yahoo varchar(40) NOT NULL DEFAULT '',
  msn varchar(40) NOT NULL DEFAULT '',
  taobao varchar(40) NOT NULL DEFAULT '',
  location varchar(30) NOT NULL DEFAULT '',
  customstatus varchar(30) NOT NULL DEFAULT '',
  medals varchar(255) NOT NULL DEFAULT '',
  avatar varchar(255) NOT NULL DEFAULT '',
  avatarwidth tinyint(3) unsigned NOT NULL DEFAULT '0',
  avatarheight tinyint(3) unsigned NOT NULL DEFAULT '0',
  bio text NOT NULL,
  sightml text NOT NULL,
  ignorepm text NOT NULL,
  groupterms text NOT NULL,
  authstr varchar(20) NOT NULL DEFAULT '',
  spacename varchar(40) NOT NULL,
  buyercredit smallint(6) NOT NULL DEFAULT '0',
  sellercredit smallint(6) NOT NULL DEFAULT '0',
  PRIMARY KEY (uid)
) TYPE=MyISAM;

INSERT INTO eke_memberfields VALUES ('1','','','','','','','','','','','','','0','0','','','','','','','0','0');

DROP TABLE IF EXISTS eke_membermagics;
CREATE TABLE eke_membermagics (
  uid mediumint(8) unsigned NOT NULL DEFAULT '0',
  magicid smallint(6) unsigned NOT NULL DEFAULT '0',
  num smallint(6) unsigned NOT NULL DEFAULT '0',
  KEY uid (uid)
) TYPE=MyISAM;


DROP TABLE IF EXISTS eke_members;
CREATE TABLE eke_members (
  uid mediumint(8) unsigned NOT NULL AUTO_INCREMENT,
  username char(15) NOT NULL DEFAULT '',
  `password` char(32) NOT NULL DEFAULT '',
  secques char(8) NOT NULL DEFAULT '',
  gender tinyint(1) NOT NULL DEFAULT '0',
  adminid tinyint(1) NOT NULL DEFAULT '0',
  groupid smallint(6) unsigned NOT NULL DEFAULT '0',
  groupexpiry int(10) unsigned NOT NULL DEFAULT '0',
  extgroupids char(20) NOT NULL DEFAULT '',
  regip char(15) NOT NULL DEFAULT '',
  regdate int(10) unsigned NOT NULL DEFAULT '0',
  lastip char(15) NOT NULL DEFAULT '',
  lastvisit int(10) unsigned NOT NULL DEFAULT '0',
  lastactivity int(10) unsigned NOT NULL DEFAULT '0',
  lastpost int(10) unsigned NOT NULL DEFAULT '0',
  posts mediumint(8) unsigned NOT NULL DEFAULT '0',
  digestposts smallint(6) unsigned NOT NULL DEFAULT '0',
  oltime smallint(6) unsigned NOT NULL DEFAULT '0',
  pageviews mediumint(8) unsigned NOT NULL DEFAULT '0',
  credits int(10) NOT NULL DEFAULT '0',
  extcredits1 int(10) NOT NULL DEFAULT '0',
  extcredits2 int(10) NOT NULL DEFAULT '0',
  extcredits3 int(10) NOT NULL DEFAULT '0',
  extcredits4 int(10) NOT NULL DEFAULT '0',
  extcredits5 int(10) NOT NULL DEFAULT '0',
  extcredits6 int(10) NOT NULL DEFAULT '0',
  extcredits7 int(10) NOT NULL DEFAULT '0',
  extcredits8 int(10) NOT NULL DEFAULT '0',
  email char(40) NOT NULL DEFAULT '',
  bday date NOT NULL DEFAULT '0000-00-00',
  sigstatus tinyint(1) NOT NULL DEFAULT '0',
  tpp tinyint(3) unsigned NOT NULL DEFAULT '0',
  ppp tinyint(3) unsigned NOT NULL DEFAULT '0',
  styleid smallint(6) unsigned NOT NULL DEFAULT '0',
  dateformat tinyint(1) NOT NULL DEFAULT '0',
  timeformat tinyint(1) NOT NULL DEFAULT '0',
  pmsound tinyint(1) NOT NULL DEFAULT '0',
  showemail tinyint(1) NOT NULL DEFAULT '0',
  newsletter tinyint(1) NOT NULL DEFAULT '0',
  invisible tinyint(1) NOT NULL DEFAULT '0',
  timeoffset char(4) NOT NULL DEFAULT '',
  newpm tinyint(1) NOT NULL DEFAULT '0',
  accessmasks tinyint(1) NOT NULL DEFAULT '0',
  editormode tinyint(1) unsigned NOT NULL DEFAULT '2',
  customshow tinyint(1) unsigned NOT NULL DEFAULT '26',
  xspacestatus tinyint(1) NOT NULL DEFAULT '0',
  PRIMARY KEY (uid),
  UNIQUE KEY username (username),
  KEY email (email),
  KEY groupid (groupid)
) TYPE=MyISAM AUTO_INCREMENT=2;

INSERT INTO eke_members VALUES ('1','admin','21232f297a57a5a743894a0e4a801fc3','','0','1','1','0','','hidden','1170596852','127.0.0.1','0','1170597433','1170596852','0','0','1','0','0','0','0','0','0','0','0','0','0','name@domain.com','0000-00-00','0','0','0','0','','0','0','1','1','0','9999','0','0','2','26','0');

DROP TABLE IF EXISTS eke_memberspaces;
CREATE TABLE eke_memberspaces (
  uid mediumint(8) unsigned NOT NULL DEFAULT '0',
  style char(20) NOT NULL,
  description char(100) NOT NULL,
  layout char(200) NOT NULL,
  side tinyint(1) NOT NULL DEFAULT '0',
  PRIMARY KEY (uid)
) TYPE=MyISAM;


DROP TABLE IF EXISTS eke_moderators;
CREATE TABLE eke_moderators (
  uid mediumint(8) unsigned NOT NULL DEFAULT '0',
  fid smallint(6) unsigned NOT NULL DEFAULT '0',
  displayorder tinyint(3) NOT NULL DEFAULT '0',
  inherited tinyint(1) NOT NULL DEFAULT '0',
  PRIMARY KEY (uid,fid)
) TYPE=MyISAM;


DROP TABLE IF EXISTS eke_modworks;
CREATE TABLE eke_modworks (
  uid mediumint(8) unsigned NOT NULL DEFAULT '0',
  modaction char(3) NOT NULL DEFAULT '',
  dateline date NOT NULL DEFAULT '2006-01-01',
  count smallint(6) unsigned NOT NULL DEFAULT '0',
  posts smallint(6) unsigned NOT NULL DEFAULT '0',
  KEY uid (uid,dateline)
) TYPE=MyISAM;


DROP TABLE IF EXISTS eke_myposts;
CREATE TABLE eke_myposts (
  uid mediumint(8) unsigned NOT NULL DEFAULT '0',
  tid mediumint(8) unsigned NOT NULL DEFAULT '0',
  pid int(10) unsigned NOT NULL DEFAULT '0',
  position smallint(6) unsigned NOT NULL DEFAULT '0',
  dateline int(10) unsigned NOT NULL DEFAULT '0',
  special tinyint(1) unsigned NOT NULL DEFAULT '0',
  PRIMARY KEY (uid,tid),
  KEY tid (tid,dateline)
) TYPE=MyISAM;


DROP TABLE IF EXISTS eke_mythreads;
CREATE TABLE eke_mythreads (
  uid mediumint(8) unsigned NOT NULL DEFAULT '0',
  tid mediumint(8) unsigned NOT NULL DEFAULT '0',
  special tinyint(1) unsigned NOT NULL DEFAULT '0',
  dateline int(10) NOT NULL DEFAULT '0',
  PRIMARY KEY (uid,tid),
  KEY tid (tid,dateline)
) TYPE=MyISAM;


DROP TABLE IF EXISTS eke_onlinelist;
CREATE TABLE eke_onlinelist (
  groupid smallint(6) unsigned NOT NULL DEFAULT '0',
  displayorder tinyint(3) NOT NULL DEFAULT '0',
  title varchar(30) NOT NULL DEFAULT '',
  url varchar(30) NOT NULL DEFAULT ''
) TYPE=MyISAM;

INSERT INTO eke_onlinelist VALUES ('1','1','管理员','online_admin.gif');
INSERT INTO eke_onlinelist VALUES ('2','2','超级版主','online_supermod.gif');
INSERT INTO eke_onlinelist VALUES ('3','3','版主','online_moderator.gif');
INSERT INTO eke_onlinelist VALUES ('0','4','会员','online_member.gif');

DROP TABLE IF EXISTS eke_onlinetime;
CREATE TABLE eke_onlinetime (
  uid mediumint(8) unsigned NOT NULL DEFAULT '0',
  thismonth smallint(6) unsigned NOT NULL DEFAULT '0',
  total mediumint(8) unsigned NOT NULL DEFAULT '0',
  lastupdate int(10) unsigned NOT NULL DEFAULT '0',
  PRIMARY KEY (uid)
) TYPE=MyISAM;

INSERT INTO eke_onlinetime VALUES ('1','10','60','1170601084');

DROP TABLE IF EXISTS eke_orders;
CREATE TABLE eke_orders (
  orderid char(32) NOT NULL DEFAULT '',
  `status` char(3) NOT NULL DEFAULT '',
  buyer char(50) NOT NULL DEFAULT '',
  admin char(15) NOT NULL DEFAULT '',
  uid mediumint(8) unsigned NOT NULL DEFAULT '0',
  amount int(10) unsigned NOT NULL DEFAULT '0',
  price float(7,2) unsigned NOT NULL DEFAULT '0.00',
  submitdate int(10) unsigned NOT NULL DEFAULT '0',
  confirmdate int(10) unsigned NOT NULL DEFAULT '0',
  UNIQUE KEY orderid (orderid),
  KEY submitdate (submitdate),
  KEY uid (uid,submitdate)
) TYPE=MyISAM;


DROP TABLE IF EXISTS eke_paymentlog;
CREATE TABLE eke_paymentlog (
  uid mediumint(8) unsigned NOT NULL DEFAULT '0',
  tid mediumint(8) unsigned NOT NULL DEFAULT '0',
  authorid mediumint(8) unsigned NOT NULL DEFAULT '0',
  dateline int(10) unsigned NOT NULL DEFAULT '0',
  amount int(10) unsigned NOT NULL DEFAULT '0',
  netamount int(10) unsigned NOT NULL DEFAULT '0',
  PRIMARY KEY (tid,uid),
  KEY uid (uid),
  KEY authorid (authorid)
) TYPE=MyISAM;


DROP TABLE IF EXISTS eke_pluginhooks;
CREATE TABLE eke_pluginhooks (
  pluginhookid mediumint(8) unsigned NOT NULL AUTO_INCREMENT,
  pluginid smallint(6) unsigned NOT NULL DEFAULT '0',
  available tinyint(1) NOT NULL DEFAULT '0',
  title varchar(255) NOT NULL DEFAULT '',
  description mediumtext NOT NULL,
  `code` mediumtext NOT NULL,
  PRIMARY KEY (pluginhookid),
  KEY pluginid (pluginid),
  KEY available (available)
) TYPE=MyISAM AUTO_INCREMENT=1;


DROP TABLE IF EXISTS eke_plugins;
CREATE TABLE eke_plugins (
  pluginid smallint(6) unsigned NOT NULL AUTO_INCREMENT,
  available tinyint(1) NOT NULL DEFAULT '0',
  adminid tinyint(1) unsigned NOT NULL DEFAULT '0',
  `name` varchar(40) NOT NULL DEFAULT '',
  identifier varchar(40) NOT NULL DEFAULT '',
  description varchar(255) NOT NULL DEFAULT '',
  datatables varchar(255) NOT NULL DEFAULT '',
  `directory` varchar(100) NOT NULL DEFAULT '',
  copyright varchar(100) NOT NULL DEFAULT '',
  modules text NOT NULL,
  PRIMARY KEY (pluginid),
  UNIQUE KEY identifier (identifier)
) TYPE=MyISAM AUTO_INCREMENT=1;


DROP TABLE IF EXISTS eke_pluginvars;
CREATE TABLE eke_pluginvars (
  pluginvarid mediumint(8) unsigned NOT NULL AUTO_INCREMENT,
  pluginid smallint(6) unsigned NOT NULL DEFAULT '0',
  displayorder tinyint(3) NOT NULL DEFAULT '0',
  title varchar(100) NOT NULL DEFAULT '',
  description varchar(255) NOT NULL DEFAULT '',
  variable varchar(40) NOT NULL DEFAULT '',
  `type` varchar(20) NOT NULL DEFAULT 'text',
  `value` text NOT NULL,
  extra text NOT NULL,
  PRIMARY KEY (pluginvarid),
  KEY pluginid (pluginid)
) TYPE=MyISAM AUTO_INCREMENT=1;


DROP TABLE IF EXISTS eke_pms;
CREATE TABLE eke_pms (
  pmid int(10) unsigned NOT NULL AUTO_INCREMENT,
  msgfrom varchar(15) NOT NULL DEFAULT '',
  msgfromid mediumint(8) unsigned NOT NULL DEFAULT '0',
  msgtoid mediumint(8) unsigned NOT NULL DEFAULT '0',
  folder enum('inbox','outbox') NOT NULL DEFAULT 'inbox',
  `new` tinyint(1) NOT NULL DEFAULT '0',
  `subject` varchar(75) NOT NULL DEFAULT '',
  dateline int(10) unsigned NOT NULL DEFAULT '0',
  message text NOT NULL,
  delstatus tinyint(1) unsigned NOT NULL DEFAULT '0',
  PRIMARY KEY (pmid),
  KEY msgtoid (msgtoid,folder,dateline),
  KEY msgfromid (msgfromid,folder,dateline)
) TYPE=MyISAM;


DROP TABLE IF EXISTS eke_pmsearchindex;
CREATE TABLE eke_pmsearchindex (
  searchid int(10) unsigned NOT NULL AUTO_INCREMENT,
  keywords varchar(255) NOT NULL DEFAULT '',
  searchstring varchar(255) NOT NULL DEFAULT '',
  uid mediumint(8) unsigned NOT NULL DEFAULT '0',
  dateline int(10) unsigned NOT NULL DEFAULT '0',
  expiration int(10) unsigned NOT NULL DEFAULT '0',
  pms smallint(6) unsigned NOT NULL DEFAULT '0',
  pmids text NOT NULL,
  PRIMARY KEY (searchid)
) TYPE=MyISAM AUTO_INCREMENT=1;

DROP TABLE IF EXISTS eke_polloptions;
CREATE TABLE eke_polloptions (
  polloptionid int(10) unsigned NOT NULL AUTO_INCREMENT,
  tid mediumint(8) unsigned NOT NULL DEFAULT '0',
  votes mediumint(8) unsigned NOT NULL DEFAULT '0',
  displayorder tinyint(3) NOT NULL DEFAULT '0',
  polloption varchar(80) NOT NULL DEFAULT '',
  voterids mediumtext NOT NULL,
  PRIMARY KEY (polloptionid),
  KEY tid (tid,displayorder)
) TYPE=MyISAM AUTO_INCREMENT=1;


DROP TABLE IF EXISTS eke_polls;
CREATE TABLE eke_polls (
  tid mediumint(8) unsigned NOT NULL DEFAULT '0',
  multiple tinyint(1) NOT NULL DEFAULT '0',
  visible tinyint(1) NOT NULL DEFAULT '0',
  maxchoices tinyint(3) unsigned NOT NULL DEFAULT '0',
  expiration int(10) unsigned NOT NULL DEFAULT '0',
  PRIMARY KEY (tid)
) TYPE=MyISAM;


DROP TABLE IF EXISTS eke_posts;
CREATE TABLE eke_posts (
  pid int(10) unsigned NOT NULL AUTO_INCREMENT,
  fid smallint(6) unsigned NOT NULL DEFAULT '0',
  tid mediumint(8) unsigned NOT NULL DEFAULT '0',
  `first` tinyint(1) NOT NULL DEFAULT '0',
  author varchar(15) NOT NULL DEFAULT '',
  authorid mediumint(8) unsigned NOT NULL DEFAULT '0',
  `subject` varchar(80) NOT NULL DEFAULT '',
  dateline int(10) unsigned NOT NULL DEFAULT '0',
  message mediumtext NOT NULL,
  useip varchar(15) NOT NULL DEFAULT '',
  invisible tinyint(1) NOT NULL DEFAULT '0',
  anonymous tinyint(1) NOT NULL DEFAULT '0',
  usesig tinyint(1) NOT NULL DEFAULT '0',
  htmlon tinyint(1) NOT NULL DEFAULT '0',
  bbcodeoff tinyint(1) NOT NULL DEFAULT '0',
  smileyoff tinyint(1) NOT NULL DEFAULT '0',
  parseurloff tinyint(1) NOT NULL DEFAULT '0',
  attachment tinyint(1) NOT NULL DEFAULT '0',
  rate smallint(6) NOT NULL DEFAULT '0',
  ratetimes tinyint(3) unsigned NOT NULL DEFAULT '0',
  status tinyint(1) NOT NULL DEFAULT '0',
  PRIMARY KEY (pid),
  KEY fid (fid),
  KEY authorid (authorid),
  KEY dateline (dateline),
  KEY invisible (invisible),
  KEY displayorder (tid,invisible,dateline),
  KEY `first` (tid,`first`)
) TYPE=MyISAM;


DROP TABLE IF EXISTS eke_profilefields;
CREATE TABLE eke_profilefields (
  fieldid smallint(6) unsigned NOT NULL AUTO_INCREMENT,
  available tinyint(1) NOT NULL DEFAULT '0',
  invisible tinyint(1) NOT NULL DEFAULT '0',
  title varchar(50) NOT NULL DEFAULT '',
  description varchar(255) NOT NULL DEFAULT '',
  size tinyint(3) unsigned NOT NULL DEFAULT '0',
  displayorder smallint(6) NOT NULL DEFAULT '0',
  required tinyint(1) NOT NULL DEFAULT '0',
  unchangeable tinyint(1) NOT NULL DEFAULT '0',
  showinthread tinyint(1) NOT NULL DEFAULT '0',
  selective tinyint(1) NOT NULL DEFAULT '0',
  choices text NOT NULL,
  PRIMARY KEY (fieldid),
  KEY available (available,required,displayorder)

) TYPE=MyISAM AUTO_INCREMENT=1;


DROP TABLE IF EXISTS eke_projects;
CREATE TABLE eke_projects (
  id smallint(6) unsigned NOT NULL AUTO_INCREMENT,
  `name` varchar(50) NOT NULL,
  `type` varchar(10) NOT NULL,
  description varchar(255) NOT NULL,
  `value` mediumtext NOT NULL,
  PRIMARY KEY (id),
  KEY `type` (`type`)
) TYPE=MyISAM AUTO_INCREMENT=12;

INSERT INTO eke_projects VALUES ('1','技术性论坛','extcredit','如果您不希望会员通过灌水、页面访问等方式得到积分，而是需要发布一些技术性的帖子获得积分。','a:4:{s:10:\"savemethod\";a:2:{i:0;s:1:\"1\";i:1;s:1:\"2\";}s:14:\"creditsformula\";s:49:\"posts*0.5+digestposts*5+extcredits1*2+extcredits2\";s:13:\"creditspolicy\";s:299:\"a:12:{s:4:\"post\";a:0:{}s:5:\"reply\";a:0:{}s:6:\"digest\";a:1:{i:1;i:10;}s:10:\"postattach\";a:0:{}s:9:\"getattach\";a:0:{}s:2:\"pm\";a:0:{}s:6:\"search\";a:0:{}s:15:\"promotion_visit\";a:1:{i:3;i:2;}s:18:\"promotion_register\";a:1:{i:3;i:2;}s:13:\"tradefinished\";a:0:{}s:8:\"votepoll\";a:0:{}s:10:\"lowerlimit\";a:0:{}}\";s:10:\"extcredits\";s:1444:\"a:8:{i:1;a:8:{s:5:\"title\";s:4:\"威望\";s:4:\"unit\";s:0:\"\";s:5:\"ratio\";i:0;s:9:\"available\";s:1:\"1\";s:10:\"lowerlimit\";i:0;s:12:\"showinthread\";N;s:15:\"allowexchangein\";N;s:16:\"allowexchangeout\";N;}i:2;a:8:{s:5:\"title\";s:4:\"金钱\";s:4:\"unit\";s:0:\"\";s:5:\"ratio\";i:0;s:9:\"available\";s:1:\"1\";s:10:\"lowerlimit\";i:0;s:12:\"showinthread\";N;s:15:\"allowexchangein\";N;s:16:\"allowexchangeout\";N;}i:3;a:8:{s:5:\"title\";s:4:\"贡献\";s:4:\"unit\";s:0:\"\";s:5:\"ratio\";i:0;s:9:\"available\";s:1:\"1\";s:10:\"lowerlimit\";i:0;s:12:\"showinthread\";N;s:15:\"allowexchangein\";N;s:16:\"allowexchangeout\";N;}i:4;a:8:{s:5:\"title\";s:0:\"\";s:4:\"unit\";s:0:\"\";s:5:\"ratio\";i:0;s:9:\"available\";N;s:10:\"lowerlimit\";i:0;s:12:\"showinthread\";N;s:15:\"allowexchangein\";N;s:16:\"allowexchangeout\";N;}i:5;a:8:{s:5:\"title\";s:0:\"\";s:4:\"unit\";s:0:\"\";s:5:\"ratio\";i:0;s:9:\"available\";N;s:10:\"lowerlimit\";i:0;s:12:\"showinthread\";N;s:15:\"allowexchangein\";N;s:16:\"allowexchangeout\";N;}i:6;a:8:{s:5:\"title\";s:0:\"\";s:4:\"unit\";s:0:\"\";s:5:\"ratio\";i:0;s:9:\"available\";N;s:10:\"lowerlimit\";i:0;s:12:\"showinthread\";N;s:15:\"allowexchangein\";N;s:16:\"allowexchangeout\";N;}i:7;a:8:{s:5:\"title\";s:0:\"\";s:4:\"unit\";s:0:\"\";s:5:\"ratio\";i:0;s:9:\"available\";N;s:10:\"lowerlimit\";i:0;s:12:\"showinthread\";N;s:15:\"allowexchangein\";N;s:16:\"allowexchangeout\";N;}i:8;a:8:{s:5:\"title\";s:0:\"\";s:4:\"unit\";s:0:\"\";s:5:\"ratio\";i:0;s:9:\"available\";N;s:10:\"lowerlimit\";i:0;s:12:\"showinthread\";N;s:15:\"allowexchangein\";N;s:16:\"allowexchangeout\";N;}}\";}');
INSERT INTO eke_projects VALUES ('2','娱乐性论坛','extcredit','此类型论坛的会员可以通过发布一些评论、回复等获得积分，同时扩大论坛的访问量。更重要的是希望会员发布一些有价值的娱乐新闻等。','a:4:{s:10:\"savemethod\";a:2:{i:0;s:1:\"1\";i:1;s:1:\"2\";}s:14:\"creditsformula\";s:81:\"posts+digestposts*5+oltime*5+pageviews/1000+extcredits1*2+extcredits2+extcredits3\";s:13:\"creditspolicy\";s:315:\"a:12:{s:4:\"post\";a:1:{i:1;i:1;}s:5:\"reply\";a:1:{i:2;i:1;}s:6:\"digest\";a:1:{i:1;i:10;}s:10:\"postattach\";a:0:{}s:9:\"getattach\";a:0:{}s:2:\"pm\";a:0:{}s:6:\"search\";a:0:{}s:15:\"promotion_visit\";a:1:{i:3;i:2;}s:18:\"promotion_register\";a:1:{i:3;i:2;}s:13:\"tradefinished\";a:0:{}s:8:\"votepoll\";a:0:{}s:10:\"lowerlimit\";a:0:{}}\";s:10:\"extcredits\";s:1036:\"a:8:{i:1;a:6:{s:5:\"title\";s:4:\"威望\";s:4:\"unit\";s:0:\"\";s:5:\"ratio\";i:0;s:9:\"available\";s:1:\"1\";s:10:\"lowerlimit\";i:0;s:12:\"showinthread\";N;}i:2;a:6:{s:5:\"title\";s:4:\"金钱\";s:4:\"unit\";s:0:\"\";s:5:\"ratio\";i:0;s:9:\"available\";s:1:\"1\";s:10:\"lowerlimit\";i:0;s:12:\"showinthread\";N;}i:3;a:6:{s:5:\"title\";s:4:\"贡献\";s:4:\"unit\";s:0:\"\";s:5:\"ratio\";i:0;s:9:\"available\";s:1:\"1\";s:10:\"lowerlimit\";i:0;s:12:\"showinthread\";N;}i:4;a:6:{s:5:\"title\";s:0:\"\";s:4:\"unit\";s:0:\"\";s:5:\"ratio\";i:0;s:9:\"available\";N;s:10:\"lowerlimit\";i:0;s:12:\"showinthread\";N;}i:5;a:6:{s:5:\"title\";s:0:\"\";s:4:\"unit\";s:0:\"\";s:5:\"ratio\";i:0;s:9:\"available\";N;s:10:\"lowerlimit\";i:0;s:12:\"showinthread\";N;}i:6;a:6:{s:5:\"title\";s:0:\"\";s:4:\"unit\";s:0:\"\";s:5:\"ratio\";i:0;s:9:\"available\";N;s:10:\"lowerlimit\";i:0;s:12:\"showinthread\";N;}i:7;a:6:{s:5:\"title\";s:0:\"\";s:4:\"unit\";s:0:\"\";s:5:\"ratio\";i:0;s:9:\"available\";N;s:10:\"lowerlimit\";i:0;s:12:\"showinthread\";N;}i:8;a:6:{s:5:\"title\";s:0:\"\";s:4:\"unit\";s:0:\"\";s:5:\"ratio\";i:0;s:9:\"available\";N;s:10:\"lowerlimit\";i:0;s:12:\"showinthread\";N;}}\";}');
INSERT INTO eke_projects VALUES ('3','动漫、摄影类论坛','extcredit','此类型论坛需要更多的图片附件发布给广大会员，因此增加一项扩展积分：魅力。','a:4:{s:10:\"savemethod\";a:2:{i:0;s:1:\"1\";i:1;s:1:\"2\";}s:14:\"creditsformula\";s:86:\"posts+digestposts*2+pageviews/2000+extcredits1*2+extcredits2+extcredits3+extcredits4*3\";s:13:\"creditspolicy\";s:324:\"a:12:{s:4:\"post\";a:1:{i:2;i:1;}s:5:\"reply\";a:0:{}s:6:\"digest\";a:1:{i:1;i:10;}s:10:\"postattach\";a:1:{i:4;i:3;}s:9:\"getattach\";a:1:{i:2;i:-2;}s:2:\"pm\";a:0:{}s:6:\"search\";a:0:{}s:15:\"promotion_visit\";a:1:{i:3;i:2;}s:18:\"promotion_register\";a:1:{i:3;i:2;}s:13:\"tradefinished\";a:0:{}s:8:\"votepoll\";a:0:{}s:10:\"lowerlimit\";a:0:{}}\";s:10:\"extcredits\";s:1454:\"a:8:{i:1;a:8:{s:5:\"title\";s:4:\"威望\";s:4:\"unit\";s:0:\"\";s:5:\"ratio\";i:0;s:9:\"available\";s:1:\"1\";s:10:\"lowerlimit\";i:0;s:12:\"showinthread\";N;s:15:\"allowexchangein\";N;s:16:\"allowexchangeout\";N;}i:2;a:8:{s:5:\"title\";s:4:\"金钱\";s:4:\"unit\";s:0:\"\";s:5:\"ratio\";i:0;s:9:\"available\";s:1:\"1\";s:10:\"lowerlimit\";i:0;s:12:\"showinthread\";N;s:15:\"allowexchangein\";N;s:16:\"allowexchangeout\";N;}i:3;a:8:{s:5:\"title\";s:4:\"贡献\";s:4:\"unit\";s:0:\"\";s:5:\"ratio\";i:0;s:9:\"available\";s:1:\"1\";s:10:\"lowerlimit\";i:0;s:12:\"showinthread\";N;s:15:\"allowexchangein\";N;s:16:\"allowexchangeout\";N;}i:4;a:8:{s:5:\"title\";s:4:\"魅力\";s:4:\"unit\";s:0:\"\";s:5:\"ratio\";i:0;s:9:\"available\";s:1:\"1\";s:10:\"lowerlimit\";i:0;s:12:\"showinthread\";N;s:15:\"allowexchangein\";N;s:16:\"allowexchangeout\";N;}i:5;a:8:{s:5:\"title\";s:0:\"\";s:4:\"unit\";s:0:\"\";s:5:\"ratio\";i:0;s:9:\"available\";N;s:10:\"lowerlimit\";i:0;s:12:\"showinthread\";N;s:15:\"allowexchangein\";N;s:16:\"allowexchangeout\";N;}i:6;a:8:{s:5:\"title\";s:0:\"\";s:4:\"unit\";s:0:\"\";s:5:\"ratio\";i:0;s:9:\"available\";N;s:10:\"lowerlimit\";i:0;s:12:\"showinthread\";N;s:15:\"allowexchangein\";N;s:16:\"allowexchangeout\";N;}i:7;a:8:{s:5:\"title\";s:0:\"\";s:4:\"unit\";s:0:\"\";s:5:\"ratio\";i:0;s:9:\"available\";N;s:10:\"lowerlimit\";i:0;s:12:\"showinthread\";N;s:15:\"allowexchangein\";N;s:16:\"allowexchangeout\";N;}i:8;a:8:{s:5:\"title\";s:0:\"\";s:4:\"unit\";s:0:\"\";s:5:\"ratio\";i:0;s:9:\"available\";N;s:10:\"lowerlimit\";i:0;s:12:\"showinthread\";N;s:15:\"allowexchangein\";N;s:16:\"allowexchangeout\";N;}}\";}');
INSERT INTO eke_projects VALUES ('4','文章、小说类论坛','extcredit','此类型的论坛更重视会员的原创文章或者是转发的文章，因此增加一项扩展积分：文采。','a:4:{s:10:\"savemethod\";a:2:{i:0;s:1:\"1\";i:1;s:1:\"2\";}s:14:\"creditsformula\";s:57:\"posts+digestposts*8+extcredits2+extcredits3+extcredits4*2\";s:13:\"creditspolicy\";s:307:\"a:12:{s:4:\"post\";a:1:{i:2;i:1;}s:5:\"reply\";a:0:{}s:6:\"digest\";a:1:{i:4;i:10;}s:10:\"postattach\";a:0:{}s:9:\"getattach\";a:0:{}s:2:\"pm\";a:0:{}s:6:\"search\";a:0:{}s:15:\"promotion_visit\";a:1:{i:3;i:2;}s:18:\"promotion_register\";a:1:{i:3;i:2;}s:13:\"tradefinished\";a:0:{}s:8:\"votepoll\";a:0:{}s:10:\"lowerlimit\";a:0:{}}\";s:10:\"extcredits\";s:1454:\"a:8:{i:1;a:8:{s:5:\"title\";s:4:\"威望\";s:4:\"unit\";s:0:\"\";s:5:\"ratio\";i:0;s:9:\"available\";s:1:\"1\";s:10:\"lowerlimit\";i:0;s:12:\"showinthread\";N;s:15:\"allowexchangein\";N;s:16:\"allowexchangeout\";N;}i:2;a:8:{s:5:\"title\";s:4:\"金钱\";s:4:\"unit\";s:0:\"\";s:5:\"ratio\";i:0;s:9:\"available\";s:1:\"1\";s:10:\"lowerlimit\";i:0;s:12:\"showinthread\";N;s:15:\"allowexchangein\";N;s:16:\"allowexchangeout\";N;}i:3;a:8:{s:5:\"title\";s:4:\"贡献\";s:4:\"unit\";s:0:\"\";s:5:\"ratio\";i:0;s:9:\"available\";s:1:\"1\";s:10:\"lowerlimit\";i:0;s:12:\"showinthread\";N;s:15:\"allowexchangein\";N;s:16:\"allowexchangeout\";N;}i:4;a:8:{s:5:\"title\";s:4:\"文采\";s:4:\"unit\";s:0:\"\";s:5:\"ratio\";i:0;s:9:\"available\";s:1:\"1\";s:10:\"lowerlimit\";i:0;s:12:\"showinthread\";N;s:15:\"allowexchangein\";N;s:16:\"allowexchangeout\";N;}i:5;a:8:{s:5:\"title\";s:0:\"\";s:4:\"unit\";s:0:\"\";s:5:\"ratio\";i:0;s:9:\"available\";N;s:10:\"lowerlimit\";i:0;s:12:\"showinthread\";N;s:15:\"allowexchangein\";N;s:16:\"allowexchangeout\";N;}i:6;a:8:{s:5:\"title\";s:0:\"\";s:4:\"unit\";s:0:\"\";s:5:\"ratio\";i:0;s:9:\"available\";N;s:10:\"lowerlimit\";i:0;s:12:\"showinthread\";N;s:15:\"allowexchangein\";N;s:16:\"allowexchangeout\";N;}i:7;a:8:{s:5:\"title\";s:0:\"\";s:4:\"unit\";s:0:\"\";s:5:\"ratio\";i:0;s:9:\"available\";N;s:10:\"lowerlimit\";i:0;s:12:\"showinthread\";N;s:15:\"allowexchangein\";N;s:16:\"allowexchangeout\";N;}i:8;a:8:{s:5:\"title\";s:0:\"\";s:4:\"unit\";s:0:\"\";s:5:\"ratio\";i:0;s:9:\"available\";N;s:10:\"lowerlimit\";i:0;s:12:\"showinthread\";N;s:15:\"allowexchangein\";N;s:16:\"allowexchangeout\";N;}}\";}');
INSERT INTO eke_projects VALUES ('5','调研性论坛','extcredit','此类型论坛更期望的是得到会员的建议和意见，主要是通过投票的方式体现会员的建议，因此增加一项积分策略为：参加投票，增加一项扩展积分为：积极性。','a:4:{s:10:\"savemethod\";a:2:{i:0;s:1:\"1\";i:1;s:1:\"2\";}s:14:\"creditsformula\";s:63:\"posts*0.5+digestposts*2+extcredits1*2+extcredits3+extcredits4*2\";s:13:\"creditspolicy\";s:306:\"a:12:{s:4:\"post\";a:0:{}s:5:\"reply\";a:0:{}s:6:\"digest\";a:1:{i:1;i:8;}s:10:\"postattach\";a:0:{}s:9:\"getattach\";a:0:{}s:2:\"pm\";a:0:{}s:6:\"search\";a:0:{}s:15:\"promotion_visit\";a:1:{i:3;i:2;}s:18:\"promotion_register\";a:1:{i:3;i:2;}s:13:\"tradefinished\";a:0:{}s:8:\"votepoll\";a:1:{i:4;i:5;}s:10:\"lowerlimit\";a:0:{}}\";s:10:\"extcredits\";s:1456:\"a:8:{i:1;a:8:{s:5:\"title\";s:4:\"威望\";s:4:\"unit\";s:0:\"\";s:5:\"ratio\";i:0;s:9:\"available\";s:1:\"1\";s:10:\"lowerlimit\";i:0;s:12:\"showinthread\";N;s:15:\"allowexchangein\";N;s:16:\"allowexchangeout\";N;}i:2;a:8:{s:5:\"title\";s:4:\"金钱\";s:4:\"unit\";s:0:\"\";s:5:\"ratio\";i:0;s:9:\"available\";s:1:\"1\";s:10:\"lowerlimit\";i:0;s:12:\"showinthread\";N;s:15:\"allowexchangein\";N;s:16:\"allowexchangeout\";N;}i:3;a:8:{s:5:\"title\";s:4:\"贡献\";s:4:\"unit\";s:0:\"\";s:5:\"ratio\";i:0;s:9:\"available\";s:1:\"1\";s:10:\"lowerlimit\";i:0;s:12:\"showinthread\";N;s:15:\"allowexchangein\";N;s:16:\"allowexchangeout\";N;}i:4;a:8:{s:5:\"title\";s:6:\"积极性\";s:4:\"unit\";s:0:\"\";s:5:\"ratio\";i:0;s:9:\"available\";s:1:\"1\";s:10:\"lowerlimit\";i:0;s:12:\"showinthread\";N;s:15:\"allowexchangein\";N;s:16:\"allowexchangeout\";N;}i:5;a:8:{s:5:\"title\";s:0:\"\";s:4:\"unit\";s:0:\"\";s:5:\"ratio\";i:0;s:9:\"available\";N;s:10:\"lowerlimit\";i:0;s:12:\"showinthread\";N;s:15:\"allowexchangein\";N;s:16:\"allowexchangeout\";N;}i:6;a:8:{s:5:\"title\";s:0:\"\";s:4:\"unit\";s:0:\"\";s:5:\"ratio\";i:0;s:9:\"available\";N;s:10:\"lowerlimit\";i:0;s:12:\"showinthread\";N;s:15:\"allowexchangein\";N;s:16:\"allowexchangeout\";N;}i:7;a:8:{s:5:\"title\";s:0:\"\";s:4:\"unit\";s:0:\"\";s:5:\"ratio\";i:0;s:9:\"available\";N;s:10:\"lowerlimit\";i:0;s:12:\"showinthread\";N;s:15:\"allowexchangein\";N;s:16:\"allowexchangeout\";N;}i:8;a:8:{s:5:\"title\";s:0:\"\";s:4:\"unit\";s:0:\"\";s:5:\"ratio\";i:0;s:9:\"available\";N;s:10:\"lowerlimit\";i:0;s:12:\"showinthread\";N;s:15:\"allowexchangein\";N;s:16:\"allowexchangeout\";N;}}\";}');
INSERT INTO eke_projects VALUES ('6','贸易性论坛','extcredit','此类型论坛更注重的是会员之间的交易，因此使用积分策略：交易成功，增加一项扩展积分：诚信度。','a:4:{s:10:\"savemethod\";a:2:{i:0;s:1:\"1\";i:1;s:1:\"2\";}s:14:\"creditsformula\";s:55:\"posts+digestposts+extcredits1*2+extcredits3+extcredits4\";s:13:\"creditspolicy\";s:306:\"a:12:{s:4:\"post\";a:0:{}s:5:\"reply\";a:0:{}s:6:\"digest\";a:1:{i:1;i:5;}s:10:\"postattach\";a:0:{}s:9:\"getattach\";a:0:{}s:2:\"pm\";a:0:{}s:6:\"search\";a:0:{}s:15:\"promotion_visit\";a:1:{i:3;i:2;}s:18:\"promotion_register\";a:1:{i:3;i:2;}s:13:\"tradefinished\";a:1:{i:4;i:6;}s:8:\"votepoll\";a:0:{}s:10:\"lowerlimit\";a:0:{}}\";s:10:\"extcredits\";s:1456:\"a:8:{i:1;a:8:{s:5:\"title\";s:4:\"威望\";s:4:\"unit\";s:0:\"\";s:5:\"ratio\";i:0;s:9:\"available\";s:1:\"1\";s:10:\"lowerlimit\";i:0;s:12:\"showinthread\";N;s:15:\"allowexchangein\";N;s:16:\"allowexchangeout\";N;}i:2;a:8:{s:5:\"title\";s:4:\"金钱\";s:4:\"unit\";s:0:\"\";s:5:\"ratio\";i:0;s:9:\"available\";s:1:\"1\";s:10:\"lowerlimit\";i:0;s:12:\"showinthread\";N;s:15:\"allowexchangein\";N;s:16:\"allowexchangeout\";N;}i:3;a:8:{s:5:\"title\";s:4:\"贡献\";s:4:\"unit\";s:0:\"\";s:5:\"ratio\";i:0;s:9:\"available\";s:1:\"1\";s:10:\"lowerlimit\";i:0;s:12:\"showinthread\";N;s:15:\"allowexchangein\";N;s:16:\"allowexchangeout\";N;}i:4;a:8:{s:5:\"title\";s:6:\"诚信度\";s:4:\"unit\";s:0:\"\";s:5:\"ratio\";i:0;s:9:\"available\";s:1:\"1\";s:10:\"lowerlimit\";i:0;s:12:\"showinthread\";N;s:15:\"allowexchangein\";N;s:16:\"allowexchangeout\";N;}i:5;a:8:{s:5:\"title\";s:0:\"\";s:4:\"unit\";s:0:\"\";s:5:\"ratio\";i:0;s:9:\"available\";N;s:10:\"lowerlimit\";i:0;s:12:\"showinthread\";N;s:15:\"allowexchangein\";N;s:16:\"allowexchangeout\";N;}i:6;a:8:{s:5:\"title\";s:0:\"\";s:4:\"unit\";s:0:\"\";s:5:\"ratio\";i:0;s:9:\"available\";N;s:10:\"lowerlimit\";i:0;s:12:\"showinthread\";N;s:15:\"allowexchangein\";N;s:16:\"allowexchangeout\";N;}i:7;a:8:{s:5:\"title\";s:0:\"\";s:4:\"unit\";s:0:\"\";s:5:\"ratio\";i:0;s:9:\"available\";N;s:10:\"lowerlimit\";i:0;s:12:\"showinthread\";N;s:15:\"allowexchangein\";N;s:16:\"allowexchangeout\";N;}i:8;a:8:{s:5:\"title\";s:0:\"\";s:4:\"unit\";s:0:\"\";s:5:\"ratio\";i:0;s:9:\"available\";N;s:10:\"lowerlimit\";i:0;s:12:\"showinthread\";N;s:15:\"allowexchangein\";N;s:16:\"allowexchangeout\";N;}}\";}');
INSERT INTO eke_projects VALUES ('7','坛内事务类版块','forum','该板块设置了不允许其他模块共享，以及设置了需要很高的权限才能浏览该版块。也适合于保密性高版块。','a:33:{s:7:\"styleid\";s:1:\"0\";s:12:\"allowsmilies\";s:1:\"1\";s:9:\"allowhtml\";s:1:\"0\";s:11:\"allowbbcode\";s:1:\"1\";s:12:\"allowimgcode\";s:1:\"1\";s:14:\"allowanonymous\";s:1:\"0\";s:10:\"allowshare\";s:1:\"0\";s:16:\"allowpostspecial\";s:1:\"0\";s:14:\"alloweditrules\";s:1:\"1\";s:10:\"recyclebin\";s:1:\"1\";s:11:\"modnewposts\";s:1:\"0\";s:6:\"jammer\";s:1:\"0\";s:16:\"disablewatermark\";s:1:\"0\";s:12:\"inheritedmod\";s:1:\"0\";s:9:\"autoclose\";s:1:\"0\";s:12:\"forumcolumns\";s:1:\"0\";s:12:\"threadcaches\";s:2:\"40\";s:16:\"allowpaytoauthor\";s:1:\"0\";s:13:\"alloweditpost\";s:1:\"1\";s:6:\"simple\";s:1:\"0\";s:11:\"postcredits\";s:0:\"\";s:12:\"replycredits\";s:0:\"\";s:16:\"getattachcredits\";s:0:\"\";s:17:\"postattachcredits\";s:0:\"\";s:13:\"digestcredits\";s:0:\"\";s:16:\"attachextensions\";s:0:\"\";s:11:\"threadtypes\";s:0:\"\";s:8:\"viewperm\";s:7:\"	1	2	3	\";s:8:\"postperm\";s:7:\"	1	2	3	\";s:9:\"replyperm\";s:7:\"	1	2	3	\";s:13:\"getattachperm\";s:7:\"	1	2	3	\";s:14:\"postattachperm\";s:7:\"	1	2	3	\";s:16:\"supe_pushsetting\";s:0:\"\";}');
INSERT INTO eke_projects VALUES ('8','技术交流类版块','forum','该设置开启了主题缓存系数。其他的权限设置级别较低。','a:33:{s:7:\"styleid\";s:1:\"0\";s:12:\"allowsmilies\";s:1:\"1\";s:9:\"allowhtml\";s:1:\"0\";s:11:\"allowbbcode\";s:1:\"1\";s:12:\"allowimgcode\";s:1:\"1\";s:14:\"allowanonymous\";s:1:\"0\";s:10:\"allowshare\";s:1:\"1\";s:16:\"allowpostspecial\";s:1:\"5\";s:14:\"alloweditrules\";s:1:\"0\";s:10:\"recyclebin\";s:1:\"1\";s:11:\"modnewposts\";s:1:\"0\";s:6:\"jammer\";s:1:\"0\";s:16:\"disablewatermark\";s:1:\"0\";s:12:\"inheritedmod\";s:1:\"0\";s:9:\"autoclose\";s:1:\"0\";s:12:\"forumcolumns\";s:1:\"0\";s:12:\"threadcaches\";s:2:\"40\";s:16:\"allowpaytoauthor\";s:1:\"1\";s:13:\"alloweditpost\";s:1:\"1\";s:6:\"simple\";s:1:\"0\";s:11:\"postcredits\";s:0:\"\";s:12:\"replycredits\";s:0:\"\";s:16:\"getattachcredits\";s:0:\"\";s:17:\"postattachcredits\";s:0:\"\";s:13:\"digestcredits\";s:0:\"\";s:16:\"attachextensions\";s:0:\"\";s:11:\"threadtypes\";s:0:\"\";s:8:\"viewperm\";s:0:\"\";s:8:\"postperm\";s:0:\"\";s:9:\"replyperm\";s:0:\"\";s:13:\"getattachperm\";s:0:\"\";s:14:\"postattachperm\";s:0:\"\";s:16:\"supe_pushsetting\";s:0:\"\";}');
INSERT INTO eke_projects VALUES ('9','发布公告类版块','forum','该设置开启了发帖审核，限制了允许发帖的用户组。','a:33:{s:7:\"styleid\";s:1:\"0\";s:12:\"allowsmilies\";s:1:\"1\";s:9:\"allowhtml\";s:1:\"0\";s:11:\"allowbbcode\";s:1:\"1\";s:12:\"allowimgcode\";s:1:\"1\";s:14:\"allowanonymous\";s:1:\"0\";s:10:\"allowshare\";s:1:\"1\";s:16:\"allowpostspecial\";s:1:\"1\";s:14:\"alloweditrules\";s:1:\"0\";s:10:\"recyclebin\";s:1:\"1\";s:11:\"modnewposts\";s:1:\"1\";s:6:\"jammer\";s:1:\"1\";s:16:\"disablewatermark\";s:1:\"0\";s:12:\"inheritedmod\";s:1:\"0\";s:9:\"autoclose\";s:1:\"0\";s:12:\"forumcolumns\";s:1:\"0\";s:12:\"threadcaches\";s:1:\"0\";s:16:\"allowpaytoauthor\";s:1:\"1\";s:13:\"alloweditpost\";s:1:\"0\";s:6:\"simple\";s:1:\"0\";s:11:\"postcredits\";s:0:\"\";s:12:\"replycredits\";s:0:\"\";s:16:\"getattachcredits\";s:0:\"\";s:17:\"postattachcredits\";s:0:\"\";s:13:\"digestcredits\";s:0:\"\";s:16:\"attachextensions\";s:0:\"\";s:11:\"threadtypes\";s:0:\"\";s:8:\"viewperm\";s:0:\"\";s:8:\"postperm\";s:7:\"	1	2	3	\";s:9:\"replyperm\";s:0:\"\";s:13:\"getattachperm\";s:0:\"\";s:14:\"postattachperm\";s:0:\"\";s:16:\"supe_pushsetting\";s:0:\"\";}');
INSERT INTO eke_projects VALUES ('10','发起活动类版块','forum','该类型设置里发起主题一个月之后会自动关闭主题。','a:33:{s:7:\"styleid\";s:1:\"0\";s:12:\"allowsmilies\";s:1:\"1\";s:9:\"allowhtml\";s:1:\"0\";s:11:\"allowbbcode\";s:1:\"1\";s:12:\"allowimgcode\";s:1:\"1\";s:14:\"allowanonymous\";s:1:\"0\";s:10:\"allowshare\";s:1:\"1\";s:16:\"allowpostspecial\";s:1:\"9\";s:14:\"alloweditrules\";s:1:\"0\";s:10:\"recyclebin\";s:1:\"1\";s:11:\"modnewposts\";s:1:\"0\";s:6:\"jammer\";s:1:\"0\";s:16:\"disablewatermark\";s:1:\"0\";s:12:\"inheritedmod\";s:1:\"1\";s:9:\"autoclose\";s:2:\"30\";s:12:\"forumcolumns\";s:1:\"0\";s:12:\"threadcaches\";s:2:\"40\";s:16:\"allowpaytoauthor\";s:1:\"1\";s:13:\"alloweditpost\";s:1:\"1\";s:6:\"simple\";s:1:\"0\";s:11:\"postcredits\";s:0:\"\";s:12:\"replycredits\";s:0:\"\";s:16:\"getattachcredits\";s:0:\"\";s:17:\"postattachcredits\";s:0:\"\";s:13:\"digestcredits\";s:0:\"\";s:16:\"attachextensions\";s:0:\"\";s:8:\"viewperm\";s:0:\"\";s:8:\"postperm\";s:22:\"	1	2	3	11	12	13	14	15	\";s:9:\"replyperm\";s:0:\"\";s:13:\"getattachperm\";s:0:\"\";s:14:\"postattachperm\";s:0:\"\";s:16:\"supe_pushsetting\";s:0:\"\";}');
INSERT INTO eke_projects VALUES ('11','娱乐灌水类版块','forum','该设置了主题缓存系数，开启了所有的特殊主题按钮。','a:33:{s:7:\"styleid\";s:1:\"0\";s:12:\"allowsmilies\";s:1:\"1\";s:9:\"allowhtml\";s:1:\"0\";s:11:\"allowbbcode\";s:1:\"1\";s:12:\"allowimgcode\";s:1:\"1\";s:14:\"allowanonymous\";s:1:\"0\";s:10:\"allowshare\";s:1:\"1\";s:16:\"allowpostspecial\";s:2:\"15\";s:14:\"alloweditrules\";s:1:\"0\";s:10:\"recyclebin\";s:1:\"1\";s:11:\"modnewposts\";s:1:\"0\";s:6:\"jammer\";s:1:\"0\";s:16:\"disablewatermark\";s:1:\"0\";s:12:\"inheritedmod\";s:1:\"0\";s:9:\"autoclose\";s:1:\"0\";s:12:\"forumcolumns\";s:1:\"0\";s:12:\"threadcaches\";s:2:\"40\";s:16:\"allowpaytoauthor\";s:1:\"1\";s:13:\"alloweditpost\";s:1:\"1\";s:6:\"simple\";s:1:\"0\";s:11:\"postcredits\";s:0:\"\";s:12:\"replycredits\";s:0:\"\";s:16:\"getattachcredits\";s:0:\"\";s:17:\"postattachcredits\";s:0:\"\";s:13:\"digestcredits\";s:0:\"\";s:16:\"attachextensions\";s:0:\"\";s:11:\"threadtypes\";s:0:\"\";s:8:\"viewperm\";s:0:\"\";s:8:\"postperm\";s:0:\"\";s:9:\"replyperm\";s:0:\"\";s:13:\"getattachperm\";s:0:\"\";s:14:\"postattachperm\";s:0:\"\";s:16:\"supe_pushsetting\";s:0:\"\";}');

DROP TABLE IF EXISTS eke_promotions;
CREATE TABLE eke_promotions (
  ip char(15) NOT NULL DEFAULT '',
  uid mediumint(8) unsigned NOT NULL DEFAULT '0',
  username char(15) NOT NULL DEFAULT '',
  PRIMARY KEY (ip)
) TYPE=MyISAM;

DROP TABLE IF EXISTS eke_ranks;
CREATE TABLE eke_ranks (
  rankid smallint(6) unsigned NOT NULL AUTO_INCREMENT,
  ranktitle varchar(30) NOT NULL DEFAULT '',
  postshigher mediumint(8) unsigned NOT NULL DEFAULT '0',
  stars tinyint(3) NOT NULL DEFAULT '0',
  color varchar(7) NOT NULL DEFAULT '',
  PRIMARY KEY (rankid)
) TYPE=MyISAM AUTO_INCREMENT=6;

INSERT INTO eke_ranks VALUES ('1','新生入学','0','1','');
INSERT INTO eke_ranks VALUES ('2','小试牛刀','50','2','');
INSERT INTO eke_ranks VALUES ('3','实习记者','300','5','');
INSERT INTO eke_ranks VALUES ('4','自由撰稿人','1000','4','');
INSERT INTO eke_ranks VALUES ('5','特聘作家','3000','5','');

DROP TABLE IF EXISTS eke_ratelog;
CREATE TABLE eke_ratelog (
  pid int(10) unsigned NOT NULL DEFAULT '0',
  uid mediumint(8) unsigned NOT NULL DEFAULT '0',
  username char(15) NOT NULL DEFAULT '',
  extcredits tinyint(1) unsigned NOT NULL DEFAULT '0',
  dateline int(10) unsigned NOT NULL DEFAULT '0',
  score smallint(6) NOT NULL DEFAULT '0',
  reason char(40) NOT NULL DEFAULT '',
  KEY pid (pid,dateline),
  KEY dateline (dateline)
) TYPE=MyISAM;


DROP TABLE IF EXISTS eke_regips;
CREATE TABLE eke_regips (
  ip char(15) NOT NULL DEFAULT '',
  dateline int(10) unsigned NOT NULL DEFAULT '0',
  count smallint(6) NOT NULL DEFAULT '0',
  KEY ip (ip)
) TYPE=MyISAM;


DROP TABLE IF EXISTS eke_relatedthreads;
CREATE TABLE eke_relatedthreads (
  tid mediumint(8) NOT NULL DEFAULT '0',
  `type` enum('general','trade') NOT NULL DEFAULT 'general',
  expiration int(10) NOT NULL DEFAULT '0',
  keywords varchar(255) NOT NULL DEFAULT '',
  relatedthreads text NOT NULL,
  PRIMARY KEY (tid,`type`)
) TYPE=MyISAM;

DROP TABLE IF EXISTS eke_rewardlog;
CREATE TABLE eke_rewardlog (
  tid mediumint(8) unsigned NOT NULL DEFAULT '0',
  authorid mediumint(8) unsigned NOT NULL DEFAULT '0',
  answererid mediumint(8) unsigned NOT NULL DEFAULT '0',
  dateline int(10) unsigned DEFAULT '0',
  netamount int(10) unsigned NOT NULL DEFAULT '0',
  KEY userid (authorid,answererid)
) TYPE=MyISAM;


DROP TABLE IF EXISTS eke_rsscaches;
CREATE TABLE eke_rsscaches (
  lastupdate int(10) unsigned NOT NULL DEFAULT '0',
  fid smallint(6) unsigned NOT NULL DEFAULT '0',
  tid mediumint(8) unsigned NOT NULL DEFAULT '0',
  dateline int(10) unsigned NOT NULL DEFAULT '0',
  forum char(50) NOT NULL DEFAULT '',
  author char(15) NOT NULL DEFAULT '',
  `subject` char(80) NOT NULL DEFAULT '',
  description char(255) NOT NULL DEFAULT '',
  UNIQUE KEY tid (tid),
  KEY fid (fid,dateline)
) TYPE=MyISAM;

DROP TABLE IF EXISTS eke_searchindex;
CREATE TABLE eke_searchindex (
  searchid int(10) unsigned NOT NULL AUTO_INCREMENT,
  keywords varchar(255) NOT NULL DEFAULT '',
  searchstring text NOT NULL,
  useip varchar(15) NOT NULL DEFAULT '',
  uid mediumint(10) unsigned NOT NULL DEFAULT '0',
  dateline int(10) unsigned NOT NULL DEFAULT '0',
  expiration int(10) unsigned NOT NULL DEFAULT '0',
  threadtypeid smallint(6) unsigned NOT NULL DEFAULT '0',
  threads smallint(6) unsigned NOT NULL DEFAULT '0',
  tids text NOT NULL,
  PRIMARY KEY (searchid)
) TYPE=MyISAM AUTO_INCREMENT=1;

DROP TABLE IF EXISTS eke_sessions;
CREATE TABLE eke_sessions (
  sid char(6) binary NOT NULL DEFAULT '',
  ip1 tinyint(3) unsigned NOT NULL DEFAULT '0',
  ip2 tinyint(3) unsigned NOT NULL DEFAULT '0',
  ip3 tinyint(3) unsigned NOT NULL DEFAULT '0',
  ip4 tinyint(3) unsigned NOT NULL DEFAULT '0',
  uid mediumint(8) unsigned NOT NULL DEFAULT '0',
  username char(15) NOT NULL DEFAULT '',
  groupid smallint(6) unsigned NOT NULL DEFAULT '0',
  styleid smallint(6) unsigned NOT NULL DEFAULT '0',
  invisible tinyint(1) NOT NULL DEFAULT '0',
  `action` tinyint(1) unsigned NOT NULL DEFAULT '0',
  lastactivity int(10) unsigned NOT NULL DEFAULT '0',
  lastolupdate int(10) unsigned NOT NULL DEFAULT '0',
  pageviews smallint(6) unsigned NOT NULL DEFAULT '0',
  seccode mediumint(6) unsigned NOT NULL DEFAULT '0',
  fid smallint(6) unsigned NOT NULL DEFAULT '0',
  tid mediumint(8) unsigned NOT NULL DEFAULT '0',
  bloguid mediumint(8) unsigned NOT NULL DEFAULT '0',
  UNIQUE KEY sid (sid),
  KEY uid (uid),
  KEY bloguid (bloguid)
) TYPE=HEAP;

DROP TABLE IF EXISTS eke_settings;
CREATE TABLE eke_settings (
  variable varchar(32) NOT NULL DEFAULT '',
  `value` text NOT NULL,
  PRIMARY KEY (variable)
) TYPE=MyISAM;

INSERT INTO eke_settings VALUES ('accessemail','');
INSERT INTO eke_settings VALUES ('adminipaccess','');
INSERT INTO eke_settings VALUES ('allowcsscache','1');
INSERT INTO eke_settings VALUES ('archiverstatus','1');
INSERT INTO eke_settings VALUES ('attachbanperiods','');
INSERT INTO eke_settings VALUES ('attachimgpost','1');
INSERT INTO eke_settings VALUES ('attachrefcheck','0');
INSERT INTO eke_settings VALUES ('attachsave','3');
INSERT INTO eke_settings VALUES ('authkey','CrVSXaKzoyJb4Rd');
INSERT INTO eke_settings VALUES ('bannedmessages','1');
INSERT INTO eke_settings VALUES ('bbclosed','');
INSERT INTO eke_settings VALUES ('bbinsert','1');
INSERT INTO eke_settings VALUES ('bbname','Discuz! Board');
INSERT INTO eke_settings VALUES ('bbrules','0');
INSERT INTO eke_settings VALUES ('bbrulestxt','');
INSERT INTO eke_settings VALUES ('bdaystatus','0');
INSERT INTO eke_settings VALUES ('boardlicensed','0');
INSERT INTO eke_settings VALUES ('censoremail','');
INSERT INTO eke_settings VALUES ('censoruser','');
INSERT INTO eke_settings VALUES ('closedreason','');
INSERT INTO eke_settings VALUES ('creditsformula','extcredits1');
INSERT INTO eke_settings VALUES ('creditsformulaexp','');
INSERT INTO eke_settings VALUES ('creditsnotify','');
INSERT INTO eke_settings VALUES ('creditspolicy','a:7:{s:4:\"post\";a:0:{}s:5:\"reply\";a:0:{}s:6:\"digest\";a:1:{i:1;i:10;}s:10:\"postattach\";a:0:{}s:9:\"getattach\";a:0:{}s:2:\"pm\";a:0:{}s:6:\"search\";a:0:{}}');
INSERT INTO eke_settings VALUES ('creditstax','0.2');
INSERT INTO eke_settings VALUES ('creditstrans','2');
INSERT INTO eke_settings VALUES ('custombackup','');
INSERT INTO eke_settings VALUES ('dateformat','Y-n-j');
INSERT INTO eke_settings VALUES ('debug','1');
INSERT INTO eke_settings VALUES ('delayviewcount','0');
INSERT INTO eke_settings VALUES ('deletereason','');
INSERT INTO eke_settings VALUES ('doublee','1');
INSERT INTO eke_settings VALUES ('dupkarmarate','0');
INSERT INTO eke_settings VALUES ('ec_account','');
INSERT INTO eke_settings VALUES ('ec_maxcredits','1000');
INSERT INTO eke_settings VALUES ('ec_maxcreditspermonth','0');
INSERT INTO eke_settings VALUES ('ec_mincredits','0');
INSERT INTO eke_settings VALUES ('ec_ratio','0');
INSERT INTO eke_settings VALUES ('editedby','1');
INSERT INTO eke_settings VALUES ('editoroptions','1');
INSERT INTO eke_settings VALUES ('edittimelimit','');
INSERT INTO eke_settings VALUES ('exchangemincredits','100');
INSERT INTO eke_settings VALUES ('extcredits','a:2:{i:1;a:3:{s:5:\"title\";s:4:\"威望\";s:12:\"showinthread\";s:0:\"\";s:9:\"available\";i:1;}i:2;a:3:{s:5:\"title\";s:4:\"金钱\";s:12:\"showinthread\";s:0:\"\";s:9:\"available\";i:1;}}');
INSERT INTO eke_settings VALUES ('fastpost','1');
INSERT INTO eke_settings VALUES ('floodctrl','15');
INSERT INTO eke_settings VALUES ('forumjump','0');
INSERT INTO eke_settings VALUES ('globalstick','1');
INSERT INTO eke_settings VALUES ('gzipcompress','0');
INSERT INTO eke_settings VALUES ('hideprivate','1');
INSERT INTO eke_settings VALUES ('hottopic','10');
INSERT INTO eke_settings VALUES ('icp','');
INSERT INTO eke_settings VALUES ('initcredits','0,0,0,0,0,0,0,0,0');
INSERT INTO eke_settings VALUES ('ipaccess','');
INSERT INTO eke_settings VALUES ('ipregctrl','');
INSERT INTO eke_settings VALUES ('jscachelife','1800');
INSERT INTO eke_settings VALUES ('jsmenustatus','15');
INSERT INTO eke_settings VALUES ('jsrefdomains','');
INSERT INTO eke_settings VALUES ('jsstatus','0');
INSERT INTO eke_settings VALUES ('karmaratelimit','0');
INSERT INTO eke_settings VALUES ('loadctrl','0');
INSERT INTO eke_settings VALUES ('losslessdel','365');
INSERT INTO eke_settings VALUES ('maxavatarpixel','120');
INSERT INTO eke_settings VALUES ('maxavatarsize','20000');
INSERT INTO eke_settings VALUES ('maxbdays','0');
INSERT INTO eke_settings VALUES ('maxchargespan','0');
INSERT INTO eke_settings VALUES ('maxfavorites','100');
INSERT INTO eke_settings VALUES ('maxincperthread','0');
INSERT INTO eke_settings VALUES ('maxmodworksmonths','3');
INSERT INTO eke_settings VALUES ('maxonlinelist','0');
INSERT INTO eke_settings VALUES ('maxonlines','5000');
INSERT INTO eke_settings VALUES ('maxpolloptions','10');
INSERT INTO eke_settings VALUES ('maxpostsize','10000');
INSERT INTO eke_settings VALUES ('maxsearchresults','500');
INSERT INTO eke_settings VALUES ('maxsigrows','100');
INSERT INTO eke_settings VALUES ('maxsmilies','10');
INSERT INTO eke_settings VALUES ('maxspm','0');
INSERT INTO eke_settings VALUES ('maxsubscriptions','100');
INSERT INTO eke_settings VALUES ('backupdir','uXDPv6');
INSERT INTO eke_settings VALUES ('membermaxpages','100');
INSERT INTO eke_settings VALUES ('memberperpage','25');
INSERT INTO eke_settings VALUES ('memliststatus','1');
INSERT INTO eke_settings VALUES ('minpostsize','10');
INSERT INTO eke_settings VALUES ('moddisplay','flat');
INSERT INTO eke_settings VALUES ('modratelimit','0');
INSERT INTO eke_settings VALUES ('modreasons','广告/SPAM\r\n恶意灌水\r\n违规内容\r\n文不对题\r\n重复发帖\r\n\r\n我很赞同\r\n精品文章\r\n原创内容');
INSERT INTO eke_settings VALUES ('modworkstatus','0');
INSERT INTO eke_settings VALUES ('myrecorddays','30');
INSERT INTO eke_settings VALUES ('newbiespan','0');
INSERT INTO eke_settings VALUES ('newsletter','');
INSERT INTO eke_settings VALUES ('nocacheheaders','0');
INSERT INTO eke_settings VALUES ('oltimespan','10');
INSERT INTO eke_settings VALUES ('onlinerecord','1	1040034649');
INSERT INTO eke_settings VALUES ('passport_expire','3600');
INSERT INTO eke_settings VALUES ('passport_extcredits','0');
INSERT INTO eke_settings VALUES ('passport_key','');
INSERT INTO eke_settings VALUES ('passport_login_url','');
INSERT INTO eke_settings VALUES ('passport_logout_url','');
INSERT INTO eke_settings VALUES ('passport_register_url','');
INSERT INTO eke_settings VALUES ('passport_status','');
INSERT INTO eke_settings VALUES ('passport_url','');
INSERT INTO eke_settings VALUES ('postbanperiods','');
INSERT INTO eke_settings VALUES ('postmodperiods','');
INSERT INTO eke_settings VALUES ('postperpage','10');
INSERT INTO eke_settings VALUES ('pvfrequence','60');
INSERT INTO eke_settings VALUES ('qihoo','a:9:{s:6:"status";i:0;s:9:"searchbox";i:6;s:7:"summary";i:1;s:6:"jammer";i:1;s:9:"maxtopics";i:10;s:8:"keywords";s:0:"";s:10:"adminemail";s:0:"";s:8:"validity";i:1;s:14:"relatedthreads";a:6:{s:6:"bbsnum";i:0;s:6:"webnum";i:0;s:4:"type";a:3:{s:4:"blog";s:4:"blog";s:4:"news";s:4:"news";s:3:"bbs";s:3:"bbs";}s:6:"banurl";s:0:"";s:8:"position";i:1;s:8:"validity";i:1;}}');
INSERT INTO eke_settings VALUES ('ratelogrecord','5');
INSERT INTO eke_settings VALUES ('regadvance','0');
INSERT INTO eke_settings VALUES ('regctrl','0');
INSERT INTO eke_settings VALUES ('regfloodctrl','0');
INSERT INTO eke_settings VALUES ('regstatus','1');
INSERT INTO eke_settings VALUES ('regverify','0');
INSERT INTO eke_settings VALUES ('reportpost','1');
INSERT INTO eke_settings VALUES ('rewritestatus','0');
INSERT INTO eke_settings VALUES ('rssstatus','1');
INSERT INTO eke_settings VALUES ('rssttl','60');
INSERT INTO eke_settings VALUES ('runwizard', '1');
INSERT INTO eke_settings VALUES ('searchbanperiods','');
INSERT INTO eke_settings VALUES ('searchctrl','30');
INSERT INTO eke_settings VALUES ('seccodestatus','0');
INSERT INTO eke_settings VALUES ('seodescription','');
INSERT INTO eke_settings VALUES ('seohead','');
INSERT INTO eke_settings VALUES ('seokeywords','');
INSERT INTO eke_settings VALUES ('seotitle','');
INSERT INTO eke_settings VALUES ('showemail','');
INSERT INTO eke_settings VALUES ('showimages','1');
INSERT INTO eke_settings VALUES ('showsettings','7');
INSERT INTO eke_settings VALUES ('sitename','Comsenz Inc.');
INSERT INTO eke_settings VALUES ('siteurl','http://www.comsenz.com/');
INSERT INTO eke_settings VALUES ('smcols','4');
INSERT INTO eke_settings VALUES ('smileyinsert','1');
INSERT INTO eke_settings VALUES ('starthreshold','2');
INSERT INTO eke_settings VALUES ('statscachelife','180');
INSERT INTO eke_settings VALUES ('statstatus','');
INSERT INTO eke_settings VALUES ('styleid','1');
INSERT INTO eke_settings VALUES ('stylejump','1');
INSERT INTO eke_settings VALUES ('subforumsindex','');
INSERT INTO eke_settings VALUES ('supe_siteurl','');
INSERT INTO eke_settings VALUES ('supe_sitename','');
INSERT INTO eke_settings VALUES ('supe_status','0');
INSERT INTO eke_settings VALUES ('supe_tablepre','');
INSERT INTO eke_settings VALUES ('threadmaxpages','1000');
INSERT INTO eke_settings VALUES ('threadsticky','全局置顶,分区置顶,本版置顶');
INSERT INTO eke_settings VALUES ('timeformat','H:i');
INSERT INTO eke_settings VALUES ('timeoffset','8');
INSERT INTO eke_settings VALUES ('topicperpage','20');
INSERT INTO eke_settings VALUES ('transfermincredits','1000');
INSERT INTO eke_settings VALUES ('transsidstatus','0');
INSERT INTO eke_settings VALUES ('userstatusby','1');
INSERT INTO eke_settings VALUES ('visitbanperiods','');
INSERT INTO eke_settings VALUES ('visitedforums','10');
INSERT INTO eke_settings VALUES ('vtonlinestatus','1');
INSERT INTO eke_settings VALUES ('wapcharset','2');
INSERT INTO eke_settings VALUES ('wapdateformat','n/j');
INSERT INTO eke_settings VALUES ('wapmps','500');
INSERT INTO eke_settings VALUES ('wapppp','5');
INSERT INTO eke_settings VALUES ('wapstatus','1');
INSERT INTO eke_settings VALUES ('waptpp','10');
INSERT INTO eke_settings VALUES ('watermarkquality','80');
INSERT INTO eke_settings VALUES ('watermarkstatus','0');
INSERT INTO eke_settings VALUES ('watermarktrans','65');
INSERT INTO eke_settings VALUES ('welcomemsg','');
INSERT INTO eke_settings VALUES ('welcomemsgtxt','尊敬的{username}，您已经注册成为{sitename}的会员，请您在发表言论时，遵守当地法律法规。\r\n如果您有什么疑问可以联系管理员，Email: {adminemail}。\r\n\r\n\r\n{bbname}\r\n{time}');
INSERT INTO eke_settings VALUES ('whosonlinestatus','1');
INSERT INTO eke_settings VALUES ('indexname','index.php');
INSERT INTO eke_settings VALUES ('spacedata','a:11:{s:9:\"cachelife\";s:3:\"900\";s:14:\"limitmythreads\";s:1:\"5\";s:14:\"limitmyreplies\";s:1:\"5\";s:14:\"limitmyrewards\";s:1:\"5\";s:13:\"limitmytrades\";s:1:\"5\";s:13:\"limitmyvideos\";s:1:\"0\";s:12:\"limitmyblogs\";s:1:\"8\";s:14:\"limitmyfriends\";s:1:\"0\";s:16:\"limitmyfavforums\";s:1:\"5\";s:17:\"limitmyfavthreads\";s:1:\"0\";s:10:\"textlength\";s:3:\"300\";}');
INSERT INTO eke_settings VALUES ('thumbstatus','0');
INSERT INTO eke_settings VALUES ('thumbwidth','400');
INSERT INTO eke_settings VALUES ('thumbheight','300');
INSERT INTO eke_settings VALUES ('forumlinkstatus','1');
INSERT INTO eke_settings VALUES ('pluginjsmenu','插件');
INSERT INTO eke_settings VALUES ('magicstatus','1');
INSERT INTO eke_settings VALUES ('magicmarket','1');
INSERT INTO eke_settings VALUES ('maxmagicprice','50');
INSERT INTO eke_settings VALUES ('upgradeurl','http://localhost/develop/dzhead/develop/upgrade.php');
INSERT INTO eke_settings VALUES ('ftp','a:10:{s:2:\"on\";s:1:\"0\";s:3:\"ssl\";s:1:\"0\";s:4:\"host\";s:0:\"\";s:4:\"port\";s:2:\"21\";s:8:\"username\";s:0:\"\";s:8:\"password\";s:0:\"\";s:9:\"attachdir\";s:1:\".\";s:9:\"attachurl\";s:0:\"\";s:7:\"hideurl\";s:1:\"0\";s:7:\"timeout\";s:1:\"0\";}');
INSERT INTO eke_settings VALUES ('wapregister','0');
INSERT INTO eke_settings VALUES ('jswizard','');
INSERT INTO eke_settings VALUES ('passport_shopex','0');
INSERT INTO eke_settings VALUES ('seccodeanimator','1');
INSERT INTO eke_settings VALUES ('welcomemsgtitle','{username}，您好，感谢您的注册，请阅读以下内容。');
INSERT INTO eke_settings VALUES ('cacheindexlife','0');
INSERT INTO eke_settings VALUES ('cachethreadlife','0');
INSERT INTO eke_settings VALUES ('cachethreaddir','forumdata/threadcaches');
INSERT INTO eke_settings VALUES ('jsdateformat','');
INSERT INTO eke_settings VALUES ('seccodedata','a:13:{s:8:\"minposts\";s:0:\"\";s:16:\"loginfailedcount\";i:0;s:5:\"width\";i:150;s:6:\"height\";i:60;s:4:\"type\";s:1:\"0\";s:10:\"background\";s:1:\"1\";s:10:\"adulterate\";s:1:\"1\";s:3:\"ttf\";s:1:\"0\";s:5:\"angle\";s:1:\"0\";s:5:\"color\";s:1:\"1\";s:4:\"size\";s:1:\"0\";s:6:\"shadow\";s:1:\"1\";s:8:\"animator\";s:1:\"0\";}');
INSERT INTO eke_settings VALUES ('frameon','0');
INSERT INTO eke_settings VALUES ('framewidth','180');
INSERT INTO eke_settings VALUES ('smrows','4');
INSERT INTO eke_settings VALUES ('watermarktype','0');
INSERT INTO eke_settings VALUES ('secqaa','a:2:{s:8:\"minposts\";s:1:\"1\";s:6:\"status\";i:0;}');
INSERT INTO eke_settings VALUES ('supe_circlestatus','0');
INSERT INTO eke_settings VALUES ('spacestatus','1');
INSERT INTO eke_settings VALUES ('whosonline_contract','0');
INSERT INTO eke_settings VALUES ('attachdir','./attachments');
INSERT INTO eke_settings VALUES ('attachurl','attachments');
INSERT INTO eke_settings VALUES ('onlinehold','15');
INSERT INTO eke_settings VALUES ('msgforward', 'a:3:{s:11:\"refreshtime\";i:3;s:5:\"quick\";i:1;s:8:\"messages\";a:13:{i:0;s:19:\"thread_poll_succeed\";i:1;s:19:\"thread_rate_succeed\";i:2;s:23:\"usergroups_join_succeed\";i:3;s:23:\"usergroups_exit_succeed\";i:4;s:25:\"usergroups_update_succeed\";i:5;s:20:\"buddy_update_succeed\";i:6;s:17:\"post_edit_succeed\";i:7;s:18:\"post_reply_succeed\";i:8;s:24:\"post_edit_delete_succeed\";i:9;s:22:\"post_newthread_succeed\";i:10;s:13:\"admin_succeed\";i:11;s:17:\"pm_delete_succeed\";i:12;s:15:\"search_redirect\";}}');
INSERT INTO eke_settings VALUES ('smthumb','20');
INSERT INTO eke_settings VALUES ('tagstatus', 1);
INSERT INTO eke_settings VALUES ('hottags', 20);
INSERT INTO eke_settings VALUES ('viewthreadtags', 100);
INSERT INTO eke_settings VALUES ('rewritecompatible', '');
INSERT INTO eke_settings VALUES ('imagelib', '0');
INSERT INTO eke_settings VALUES ('imageimpath', '');
INSERT INTO eke_settings VALUES ('regname', 'register.php');
INSERT INTO eke_settings VALUES ('reglinkname', '注册');
INSERT INTO eke_settings VALUES ('activitytype', '朋友聚会\r\n出外郊游\r\n自驾出行\r\n公益活动\r\n线上活动');
INSERT INTO eke_settings VALUES ('userdateformat','Y-n-j\r\nY/n/j\r\nj-n-Y\r\nj/n/Y');
INSERT INTO eke_settings VALUES ('tradetypes', '');
INSERT INTO eke_settings VALUES ('tradeimagewidth', 200);
INSERT INTO eke_settings VALUES ('tradeimageheight', 150);
INSERT INTO eke_settings VALUES ('customauthorinfo', 'a:1:{i:0;a:9:{s:3:\"uid\";a:1:{s:4:\"menu\";s:1:\"1\";}s:5:\"posts\";a:1:{s:4:\"menu\";s:1:\"1\";}s:6:\"digest\";a:1:{s:4:\"menu\";s:1:\"1\";}s:7:\"credits\";a:1:{s:4:\"menu\";s:1:\"1\";}s:8:\"readperm\";a:1:{s:4:\"menu\";s:1:\"1\";}s:8:\"location\";a:1:{s:4:\"menu\";s:1:\"1\";}s:6:\"oltime\";a:1:{s:4:\"menu\";s:1:\"1\";}s:7:\"regtime\";a:1:{s:4:\"menu\";s:1:\"1\";}s:8:\"lastdate\";a:1:{s:4:\"menu\";s:1:\"1\";}}}');
INSERT INTO eke_settings VALUES ('ec_credit', 'a:2:{s:18:"maxcreditspermonth";i:6;s:4:"rank";a:15:{i:1;i:4;i:2;i:11;i:3;i:41;i:4;i:91;i:5;i:151;i:6;i:251;i:7;i:501;i:8;i:1001;i:9;i:2001;i:10;i:5001;i:11;i:10001;i:12;i:20001;i:13;i:50001;i:14;i:100001;i:15;i:200001;}}');
INSERT INTO eke_settings VALUES ('mail', 'a:10:{s:8:"mailsend";s:1:"1";s:6:"server";s:13:"smtp.21cn.com";s:4:"port";s:2:"25";s:4:"auth";s:1:"1";s:4:"from";s:26:"Discuz <username@21cn.com>";s:13:"auth_username";s:17:"username@21cn.com";s:13:"auth_password";s:8:"password";s:13:"maildelimiter";s:1:"0";s:12:"mailusername";s:1:"1";s:15:"sendmail_silent";s:1:"1";}');
INSERT INTO eke_settings VALUES ('watermarktext', '');
INSERT INTO eke_settings VALUES ('watermarkminwidth', '0');
INSERT INTO eke_settings VALUES ('watermarkminheight', '0');
INSERT INTO eke_settings VALUES ('inviteconfig', '');
INSERT INTO eke_settings VALUES ('historyposts', '0	0');
INSERT INTO eke_settings VALUES ('zoomstatus', '1');
INSERT INTO eke_settings VALUES ('postno', '#');
INSERT INTO eke_settings VALUES ('postnocustom', '');
INSERT INTO eke_settings VALUES ('maxbiotradesize', '400');
INSERT INTO eke_settings VALUES ('insenz', '');
INSERT INTO eke_settings VALUES ('videoinfo','a:9:{s:4:\"open\";i:0;s:5:\"vtype\";s:24:\"新闻	军事	音乐	影视	动漫\";s:6:\"bbname\";s:0:\"\";s:3:\"url\";s:0:\"\";s:5:\"email\";s:0:\"\";s:4:\"logo\";s:0:\"\";s:8:\"sitetype\";s:179:\"新闻	军事	音乐	影视	动漫	游戏	美女	娱乐	交友	教育	艺术	学术	技术	动物	旅游	生活	时尚	电脑	汽车	手机	摄影	戏曲	外语	公益	校园	数码	电脑	历史	天文	地理	财经	地区	人物	体育	健康	综合\";s:7:\"vsiteid\";s:0:\"\";s:9:\"vsitecode\";s:0:\"\";}');
INSERT INTO eke_settings VALUES ('google','');
INSERT INTO eke_settings VALUES ('baidusitemap','1');
INSERT INTO eke_settings VALUES ('baidusitemap_life','12');

DROP TABLE IF EXISTS eke_smilies;
CREATE TABLE eke_smilies (
  id smallint(6) unsigned NOT NULL AUTO_INCREMENT,
  typeid smallint(6) unsigned NOT NULL,
  displayorder tinyint(3) NOT NULL DEFAULT '0',
  `type` enum('smiley','icon') NOT NULL DEFAULT 'smiley',
  `code` varchar(30) NOT NULL DEFAULT '',
  url varchar(30) NOT NULL DEFAULT '',
  PRIMARY KEY (id)
) TYPE=MyISAM AUTO_INCREMENT=30;

INSERT INTO eke_smilies VALUES ('1','1','0','smiley',':)','smile.gif');
INSERT INTO eke_smilies VALUES ('2','1','0','smiley',':(','sad.gif');
INSERT INTO eke_smilies VALUES ('3','1','0','smiley',':D','biggrin.gif');
INSERT INTO eke_smilies VALUES ('4','1','0','smiley',':\'(','cry.gif');
INSERT INTO eke_smilies VALUES ('5','1','0','smiley',':@','huffy.gif');
INSERT INTO eke_smilies VALUES ('6','1','0','smiley',':o','shocked.gif');
INSERT INTO eke_smilies VALUES ('7','1','0','smiley',':P','tongue.gif');
INSERT INTO eke_smilies VALUES ('8','1','0','smiley',':$','shy.gif');
INSERT INTO eke_smilies VALUES ('9','1','0','smiley',';P','titter.gif');
INSERT INTO eke_smilies VALUES ('10','1','0','smiley',':L','sweat.gif');
INSERT INTO eke_smilies VALUES ('11','1','0','smiley',':Q','mad.gif');
INSERT INTO eke_smilies VALUES ('12','1','0','smiley',':lol','lol.gif');
INSERT INTO eke_smilies VALUES ('13','1','0','smiley',':hug:','hug.gif');
INSERT INTO eke_smilies VALUES ('14','1','0','smiley',':victory:','victory.gif');
INSERT INTO eke_smilies VALUES ('15','1','0','smiley',':time:','time.gif');
INSERT INTO eke_smilies VALUES ('16','1','0','smiley',':kiss:','kiss.gif');
INSERT INTO eke_smilies VALUES ('17','1','0','smiley',':handshake','handshake.gif');
INSERT INTO eke_smilies VALUES ('18','1','0','smiley',':call:','call.gif');
INSERT INTO eke_smilies VALUES ('19','0','0','icon','','icon1.gif');
INSERT INTO eke_smilies VALUES ('20','0','0','icon','','icon2.gif');
INSERT INTO eke_smilies VALUES ('21','0','0','icon','','icon3.gif');
INSERT INTO eke_smilies VALUES ('22','0','0','icon','','icon4.gif');
INSERT INTO eke_smilies VALUES ('23','0','0','icon','','icon5.gif');
INSERT INTO eke_smilies VALUES ('24','0','0','icon','','icon6.gif');
INSERT INTO eke_smilies VALUES ('25','0','0','icon','','icon7.gif');
INSERT INTO eke_smilies VALUES ('26','0','0','icon','','icon8.gif');
INSERT INTO eke_smilies VALUES ('27','0','0','icon','','icon9.gif');
INSERT INTO eke_smilies VALUES ('28','1','0','smiley',':loveliness:','loveliness.gif');
INSERT INTO eke_smilies VALUES ('29','1','0','smiley',':funk:','funk.gif');

DROP TABLE IF EXISTS eke_spacecaches;
CREATE TABLE eke_spacecaches (
  uid mediumint(8) unsigned NOT NULL DEFAULT '0',
  variable varchar(20) NOT NULL,
  `value` text NOT NULL,
  expiration int(10) unsigned NOT NULL DEFAULT '0',
  PRIMARY KEY (uid,variable)
) TYPE=MyISAM;

DROP TABLE IF EXISTS eke_stats;
CREATE TABLE eke_stats (
  `type` char(10) NOT NULL DEFAULT '',
  variable char(10) NOT NULL DEFAULT '',
  count int(10) unsigned NOT NULL DEFAULT '0',
  PRIMARY KEY (`type`,variable)
) TYPE=MyISAM;

INSERT INTO eke_stats VALUES ('total','hits','1');
INSERT INTO eke_stats VALUES ('total','members','0');
INSERT INTO eke_stats VALUES ('total','guests','1');
INSERT INTO eke_stats VALUES ('os','Windows','1');
INSERT INTO eke_stats VALUES ('os','Mac','0');
INSERT INTO eke_stats VALUES ('os','Linux','0');
INSERT INTO eke_stats VALUES ('os','FreeBSD','0');
INSERT INTO eke_stats VALUES ('os','SunOS','0');
INSERT INTO eke_stats VALUES ('os','OS/2','0');
INSERT INTO eke_stats VALUES ('os','AIX','0');
INSERT INTO eke_stats VALUES ('os','Spiders','0');
INSERT INTO eke_stats VALUES ('os','Other','0');
INSERT INTO eke_stats VALUES ('browser','MSIE','1');
INSERT INTO eke_stats VALUES ('browser','Netscape','0');
INSERT INTO eke_stats VALUES ('browser','Mozilla','0');
INSERT INTO eke_stats VALUES ('browser','Lynx','0');
INSERT INTO eke_stats VALUES ('browser','Opera','0');
INSERT INTO eke_stats VALUES ('browser','Konqueror','0');
INSERT INTO eke_stats VALUES ('browser','Other','0');
INSERT INTO eke_stats VALUES ('week','0','0');
INSERT INTO eke_stats VALUES ('week','1','1');
INSERT INTO eke_stats VALUES ('week','2','0');
INSERT INTO eke_stats VALUES ('week','3','0');
INSERT INTO eke_stats VALUES ('week','4','0');
INSERT INTO eke_stats VALUES ('week','5','0');
INSERT INTO eke_stats VALUES ('week','6','0');
INSERT INTO eke_stats VALUES ('hour','00','0');
INSERT INTO eke_stats VALUES ('hour','01','0');
INSERT INTO eke_stats VALUES ('hour','02','0');
INSERT INTO eke_stats VALUES ('hour','03','0');
INSERT INTO eke_stats VALUES ('hour','04','0');
INSERT INTO eke_stats VALUES ('hour','05','0');
INSERT INTO eke_stats VALUES ('hour','06','0');
INSERT INTO eke_stats VALUES ('hour','07','0');
INSERT INTO eke_stats VALUES ('hour','08','0');
INSERT INTO eke_stats VALUES ('hour','09','0');
INSERT INTO eke_stats VALUES ('hour','10','1');
INSERT INTO eke_stats VALUES ('hour','11','0');
INSERT INTO eke_stats VALUES ('hour','12','0');
INSERT INTO eke_stats VALUES ('hour','13','0');
INSERT INTO eke_stats VALUES ('hour','14','0');
INSERT INTO eke_stats VALUES ('hour','15','0');
INSERT INTO eke_stats VALUES ('hour','16','0');
INSERT INTO eke_stats VALUES ('hour','17','0');
INSERT INTO eke_stats VALUES ('hour','18','0');
INSERT INTO eke_stats VALUES ('hour','19','0');
INSERT INTO eke_stats VALUES ('hour','20','0');
INSERT INTO eke_stats VALUES ('hour','21','0');
INSERT INTO eke_stats VALUES ('hour','22','0');
INSERT INTO eke_stats VALUES ('hour','23','0');

DROP TABLE IF EXISTS eke_statvars;
CREATE TABLE eke_statvars (
  `type` varchar(20) NOT NULL DEFAULT '',
  variable varchar(20) NOT NULL DEFAULT '',
  `value` mediumtext NOT NULL,
  PRIMARY KEY (`type`,variable)
) TYPE=MyISAM;


DROP TABLE IF EXISTS eke_styles;
CREATE TABLE eke_styles (
  styleid smallint(6) unsigned NOT NULL AUTO_INCREMENT,
  `name` varchar(20) NOT NULL DEFAULT '',
  available tinyint(1) NOT NULL DEFAULT '1',
  templateid smallint(6) unsigned NOT NULL DEFAULT '0',
  PRIMARY KEY (styleid)
) TYPE=MyISAM AUTO_INCREMENT=3;

INSERT INTO eke_styles VALUES ('1','默认模板','1','1');
INSERT INTO eke_styles VALUES ('2','喝彩奥运','1','2');
INSERT INTO eke_styles VALUES ('3','深邃永恒','1','3');
INSERT INTO eke_styles VALUES ('4','粉妆精灵','1','4');
INSERT INTO eke_styles VALUES ('5','诗意田园','1','1');
INSERT INTO eke_styles VALUES ('6','春意盎然','1','1');

DROP TABLE IF EXISTS eke_stylevars;
CREATE TABLE eke_stylevars (
  stylevarid smallint(6) unsigned NOT NULL AUTO_INCREMENT,
  styleid smallint(6) unsigned NOT NULL DEFAULT '0',
  variable text NOT NULL,
  substitute text NOT NULL,
  PRIMARY KEY (stylevarid),
  KEY styleid (styleid)
) TYPE=MyISAM AUTO_INCREMENT=42;

INSERT INTO eke_stylevars (styleid, variable, substitute) VALUES
  (1, 'available', ''),
  (1, 'commonboxborder', '#E8E8E8'),
  (1, 'noticebg', '#FFFFF2'),
  (1, 'tablebg', '#FFF'),
  (1, 'highlightlink', '#069'),
  (1, 'commonboxbg', '#F7F7F7'),
  (1, 'bgcolor', '#FFF'),
  (1, 'altbg1', '#F5FAFE'),
  (1, 'altbg2', '#E8F3FD'),
  (1, 'link', '#000'),
  (1, 'bordercolor', '#9DB3C5'),
  (1, 'headercolor', '#2F589C header_bg.gif'),
  (1, 'headertext', '#FFF'),
  (1, 'tabletext', '#000'),
  (1, 'text', '#666'),
  (1, 'catcolor', '#E8F3FD cat_bg.gif'),
  (1, 'borderwidth', '1px'),
  (1, 'fontsize', '12px'),
  (1, 'tablespace', '1px'),
  (1, 'msgfontsize', '14px'),
  (1, 'msgbigsize', '16px'),
  (1, 'msgsmallsize', '12px'),
  (1, 'font', 'Helvetica, Arial, sans-serif'),
  (1, 'smfontsize', '0.83em'),
  (1, 'smfont', 'Verdana, Arial, Helvetica, sans-serif'),
  (1, 'bgborder', '#CAD9EA'),
  (1, 'maintablewidth', '98%'),
  (1, 'imgdir', 'images/default'),
  (1, 'boardimg', 'logo.gif'),
  (1, 'inputborder', '#DDD'),
  (1, 'catborder', '#CAD9EA'),
  (1, 'lighttext', '#999'),
  (1, 'framebgcolor', 'frame_bg.gif'),
  (1, 'headermenu', '#FFF menu_bg.gif'),
  (1, 'headermenutext', '#333'),
  (1, 'boxspace', '10px'),
  (1, 'portalboxbgcode', '#FFF portalbox_bg.gif'),
  (1, 'noticeborder', '#EDEDCE'),
  (1, 'noticetext', '#090'),
  (1, 'stypeid', '1');
INSERT INTO eke_stylevars (styleid, variable, substitute) VALUES
  (2, 'available', ''),
  (2, 'bgcolor', '#FFF'),
  (2, 'altbg1', '#FFF'),
  (2, 'altbg2', '#F7F7F3'),
  (2, 'link', '#262626'),
  (2, 'bordercolor', '#C1C1C1'),
  (2, 'headercolor', '#FFF forumbox_head.gif'),
  (2, 'headertext', '#D00'),
  (2, 'catcolor', '#F90 cat_bg.gif'),
  (2, 'tabletext', '#535353'),
  (2, 'text', '#535353'),
  (2, 'borderwidth', '1px'),
  (2, 'tablespace', '1px'),
  (2, 'fontsize', '12px'),
  (2, 'msgfontsize', '14px'),
  (2, 'msgbigsize', '16px'),
  (2, 'msgsmallsize', '12px'),
  (2, 'font', 'Arial,Helvetica,sans-serif'),
  (2, 'smfontsize', '11px'),
  (2, 'smfont', 'Arial,Helvetica,sans-serif'),
  (2, 'boardimg', 'logo.gif'),
  (2, 'imgdir', './images/Beijing2008'),
  (2, 'maintablewidth', '98%'),
  (2, 'bgborder', '#C1C1C1'),
  (2, 'catborder', '#E2E2E2'),
  (2, 'inputborder', '#D7D7D7'),
  (2, 'lighttext', '#535353'),
  (2, 'headermenu', '#FFF menu_bg.gif'),
  (2, 'headermenutext', '#54564C'),
  (2, 'framebgcolor', ''),
  (2, 'noticebg', ''),
  (2, 'commonboxborder', '#F0F0ED'),
  (2, 'tablebg', '#FFF'),
  (2, 'highlightlink', '#535353'),
  (2, 'commonboxbg', '#F5F5F0'),
  (2, 'boxspace', '8px'),
  (2, 'portalboxbgcode', '#FFF portalbox_bg.gif'),
  (2, 'noticeborder', ''),
  (2, 'noticetext', '#DD0000'),
  (2, 'stypeid', '1');
INSERT INTO eke_stylevars (styleid, variable, substitute) VALUES
  (3, 'available', ''),
  (3, 'bgcolor', '#222D2D'),
  (3, 'altbg1', '#3E4F4F'),
  (3, 'altbg2', '#384747'),
  (3, 'link', '#CEEBEB'),
  (3, 'bordercolor', '#1B2424'),
  (3, 'headercolor', '#1B2424'),
  (3, 'headertext', '#94B3C5'),
  (3, 'catcolor', '#293838'),
  (3, 'tabletext', '#CEEBEB'),
  (3, 'text', '#999'),
  (3, 'borderwidth', '6px'),
  (3, 'tablespace', '0'),
  (3, 'fontsize', '12px'),
  (3, 'msgfontsize', '14px'),
  (3, 'msgbigsize', '16px'),
  (3, 'msgsmallsize', '12px'),
  (3, 'font', 'Arial'),
  (3, 'smfontsize', '11px'),
  (3, 'smfont', 'Arial,sans-serif'),
  (3, 'boardimg', 'logo.gif'),
  (3, 'imgdir', './images/Overcast'),
  (3, 'maintablewidth', '98%'),
  (3, 'bgborder', '#384747'),
  (3, 'catborder', '#1B2424'),
  (3, 'inputborder', '#EEE'),
  (3, 'lighttext', '#74898E'),
  (3, 'headermenu', '#3E4F4F'),
  (3, 'headermenutext', '#CEEBEB'),
  (3, 'framebgcolor', '#222D2D'),
  (3, 'noticebg', '#3E4F4F'),
  (3, 'commonboxborder', '#384747'),
  (3, 'tablebg', '#3E4F4F'),
  (3, 'highlightlink', '#9CB2A0'),
  (3, 'commonboxbg', '#384747'),
  (3, 'boxspace', '6px'),
  (3, 'portalboxbgcode', '#293838'),
  (3, 'noticeborder', '#384747'),
  (3, 'noticetext', '#C7E001'),
  (3, 'stypeid', '1');
INSERT INTO eke_stylevars (styleid, variable, substitute) VALUES
  (4, 'noticetext', '#C44D4D'),
  (4, 'noticeborder', '#D6D6D6'),
  (4, 'portalboxbgcode', '#FFF portalbox_bg.gif'),
  (4, 'boxspace', '6px'),
  (4, 'commonboxbg', '#FAFAFA'),
  (4, 'highlightlink', '#C44D4D'),
  (4, 'tablebg', '#FFF'),
  (4, 'commonboxborder', '#DEDEDE'),
  (4, 'noticebg', '#FAFAFA'),
  (4, 'framebgcolor', '#FFECF9'),
  (4, 'headermenu', 'transparent'),
  (4, 'headermenutext', ''),
  (4, 'lighttext', '#999'),
  (4, 'catborder', '#D7D7D7'),
  (4, 'inputborder', ''),
  (4, 'bgborder', '#CECECE'),
  (4, 'stypeid', '1'),
  (4, 'maintablewidth', '920px'),
  (4, 'imgdir', 'images/PinkDresser'),
  (4, 'boardimg', 'logo.gif'),
  (4, 'smfont', 'Arial,Helvetica,sans-serif'),
  (4, 'smfontsize', '12px'),
  (4, 'font', 'Arial,Helvetica,sans-serif'),
  (4, 'msgsmallsize', '12px'),
  (4, 'msgbigsize', '16px'),
  (4, 'msgfontsize', '14px'),
  (4, 'fontsize', '12px'),
  (4, 'tablespace', '0'),
  (4, 'borderwidth', '1px'),
  (4, 'text', '#666'),
  (4, 'tabletext', '#666'),
  (4, 'catcolor', '#FAFAFA category_bg.gif'),
  (4, 'headertext', '#FFF'),
  (4, 'headercolor', '#E7BFC9 forumbox_head.gif'),
  (4, 'bordercolor', '#D88E9D'),
  (4, 'link', '#C44D4D'),
  (4, 'altbg2', '#F1F1F1'),
  (4, 'available', ''),
  (4, 'altbg1', '#FBFBFB'),
  (4, 'bgcolor', '#FBF4F5 bg.gif');
INSERT INTO eke_stylevars (styleid, variable, substitute) VALUES
  (5, 'available', ''),
  (5, 'bgcolor', '#FFF'),
  (5, 'altbg1', '#FFFBF8'),
  (5, 'altbg2', '#FBF6F1'),
  (5, 'link', '#54564C'),
  (5, 'bordercolor', '#D7B094'),
  (5, 'headercolor', '#BE6A2D forumbox_head.gif'),
  (5, 'headertext', '#FFF'),
  (5, 'catcolor', '#E9E9E9 cat_bg.gif'),
  (5, 'tabletext', '#7B7D72'),
  (5, 'text', '#535353'),
  (5, 'borderwidth', '1px'),
  (5, 'tablespace', '1px'),
  (5, 'fontsize', '12px'),
  (5, 'msgfontsize', '14px'),
  (5, 'msgbigsize', '16px'),
  (5, 'msgsmallsize', '12px'),
  (5, 'font', 'Arial, sans-serif'),
  (5, 'smfontsize', '11px'),
  (5, 'smfont', 'Arial, sans-serif'),
  (5, 'boardimg', 'logo.gif'),
  (5, 'imgdir', './images/Picnicker'),
  (5, 'maintablewidth', '98%'),
  (5, 'bgborder', '#E8C9B7'),
  (5, 'catborder', '#E6E6E2'),
  (5, 'inputborder', ''),
  (5, 'lighttext', '#878787'),
  (5, 'headermenu', '#FFF menu_bg.gif'),
  (5, 'headermenutext', '#54564C'),
  (5, 'framebgcolor', 'frame_bg.gif'),
  (5, 'noticebg', '#FAFAF7'),
  (5, 'commonboxborder', '#E6E6E2'),
  (5, 'tablebg', '#FFF'),
  (5, 'highlightlink', ''),
  (5, 'commonboxbg', '#F5F5F0'),
  (5, 'boxspace', '6px'),
  (5, 'portalboxbgcode', '#FFF portalbox_bg.gif'),
  (5, 'noticeborder', '#E6E6E2'),
  (5, 'noticetext', '#FF3A00'),
  (5, 'stypeid', '1');
INSERT INTO eke_stylevars (styleid, variable, substitute) VALUES
  (6, 'available', ''),
  (6, 'bgcolor', '#FFF'),
  (6, 'altbg1', '#F5F5F0'),
  (6, 'altbg2', '#F9F9F9'),
  (6, 'link', '#54564C'),
  (6, 'bordercolor', '#D9D9D4'),
  (6, 'headercolor', '#80A400 forumbox_head.gif'),
  (6, 'headertext', '#FFF'),
  (6, 'catcolor', '#F5F5F0 cat_bg.gif'),
  (6, 'tabletext', '#7B7D72'),
  (6, 'text', '#535353'),
  (6, 'borderwidth', '1px'),
  (6, 'tablespace', '1px'),
  (6, 'fontsize', '12px'),
  (6, 'msgfontsize', '14px'),
  (6, 'msgbigsize', '16px'),
  (6, 'msgsmallsize', '12px'),
  (6, 'font', 'Arial,sans-serif'),
  (6, 'smfontsize', '11px'),
  (6, 'smfont', 'Arial,sans-serif'),
  (6, 'boardimg', 'logo.gif'),
  (6, 'imgdir', './images/GreenPark'),
  (6, 'maintablewidth', '98%'),
  (6, 'bgborder', '#D9D9D4'),
  (6, 'catborder', '#D9D9D4'),
  (6, 'inputborder', '#D9D9D4'),
  (6, 'lighttext', '#878787'),
  (6, 'headermenu', '#FFF menu_bg.gif'),
  (6, 'headermenutext', '#262626'),
  (6, 'framebgcolor', ''),
  (6, 'noticebg', '#FAFAF7'),
  (6, 'commonboxborder', '#E6E6E2'),
  (6, 'tablebg', '#FFF'),
  (6, 'highlightlink', '#535353'),
  (6, 'commonboxbg', '#F9F9F9'),
  (6, 'boxspace', '6px'),
  (6, 'portalboxbgcode', '#FFF portalbox_bg.gif'),
  (6, 'noticeborder', '#E6E6E2'),
  (6, 'noticetext', '#FF3A00'),
  (6, 'stypeid', '1');

DROP TABLE IF EXISTS eke_subscriptions;
CREATE TABLE eke_subscriptions (
  uid mediumint(8) unsigned NOT NULL DEFAULT '0',
  tid mediumint(8) unsigned NOT NULL DEFAULT '0',
  lastpost int(10) unsigned NOT NULL DEFAULT '0',
  lastnotify int(10) unsigned NOT NULL DEFAULT '0',
  PRIMARY KEY (tid,uid)
) TYPE=MyISAM;

DROP TABLE IF EXISTS eke_tags;
CREATE TABLE eke_tags (
  tagname char(20) NOT NULL,
  closed tinyint(1) NOT NULL DEFAULT '0',
  total mediumint(8) unsigned NOT NULL,
  PRIMARY KEY (tagname),
  KEY total (total),
  KEY closed (closed)
) TYPE=MyISAM;

DROP TABLE IF EXISTS eke_templates;
CREATE TABLE eke_templates (
  templateid smallint(6) unsigned NOT NULL AUTO_INCREMENT,
  `name` varchar(30) NOT NULL DEFAULT '',
  `directory` varchar(100) NOT NULL DEFAULT '',
  copyright varchar(100) NOT NULL DEFAULT '',
  PRIMARY KEY (templateid)
) TYPE=MyISAM AUTO_INCREMENT=3;

INSERT INTO eke_templates VALUES ('1','默认模板套系','./templates/default','康盛创想（北京）科技有限公司');
INSERT INTO eke_templates VALUES ('2','喝彩奥运','./templates/Beijing2008','康盛创想（北京）科技有限公司');
INSERT INTO eke_templates VALUES ('3','深邃永恒','./templates/Overcast','康盛创想（北京）科技有限公司');
INSERT INTO eke_templates VALUES ('4','粉妆精灵','./templates/PinkDresser','康盛创想（北京）科技有限公司');

DROP TABLE IF EXISTS eke_threads;
CREATE TABLE eke_threads (
  tid mediumint(8) unsigned NOT NULL AUTO_INCREMENT,
  fid smallint(6) unsigned NOT NULL DEFAULT '0',
  iconid smallint(6) unsigned NOT NULL DEFAULT '0',
  typeid smallint(6) unsigned NOT NULL DEFAULT '0',
  readperm tinyint(3) unsigned NOT NULL DEFAULT '0',
  price smallint(6) NOT NULL DEFAULT '0',
  author char(15) NOT NULL DEFAULT '',
  authorid mediumint(8) unsigned NOT NULL DEFAULT '0',
  `subject` char(80) NOT NULL DEFAULT '',
  dateline int(10) unsigned NOT NULL DEFAULT '0',
  lastpost int(10) unsigned NOT NULL DEFAULT '0',
  lastposter char(15) NOT NULL DEFAULT '',
  views int(10) unsigned NOT NULL DEFAULT '0',
  replies mediumint(8) unsigned NOT NULL DEFAULT '0',
  displayorder tinyint(1) NOT NULL DEFAULT '0',
  highlight tinyint(1) NOT NULL DEFAULT '0',
  digest tinyint(1) NOT NULL DEFAULT '0',
  rate tinyint(1) NOT NULL DEFAULT '0',
  blog tinyint(1) NOT NULL DEFAULT '0',
  special tinyint(1) NOT NULL DEFAULT '0',
  attachment tinyint(1) NOT NULL DEFAULT '0',
  subscribed tinyint(1) NOT NULL DEFAULT '0',
  moderated tinyint(1) NOT NULL DEFAULT '0',
  closed mediumint(8) unsigned NOT NULL DEFAULT '0',
  itemid mediumint(8) unsigned NOT NULL DEFAULT '0',
  supe_pushstatus tinyint(1) NOT NULL DEFAULT '0',
  PRIMARY KEY (tid),
  KEY digest (digest),
  KEY displayorder (fid,displayorder,lastpost),
  KEY blog (blog,authorid,dateline),
  KEY typeid (fid,typeid,displayorder,lastpost)
) TYPE=MyISAM;


DROP TABLE IF EXISTS eke_threadsmod;
CREATE TABLE eke_threadsmod (
  tid mediumint(8) unsigned NOT NULL DEFAULT '0',
  uid mediumint(8) unsigned NOT NULL DEFAULT '0',
  username char(15) NOT NULL DEFAULT '',
  dateline int(10) unsigned NOT NULL DEFAULT '0',
  expiration int(10) unsigned NOT NULL DEFAULT '0',
  `action` char(5) NOT NULL,
  `status` tinyint(1) NOT NULL DEFAULT '0',
  magicid smallint(6) unsigned NOT NULL,
  KEY tid (tid,dateline),
  KEY expiration (expiration,`status`)
) TYPE=MyISAM;


DROP TABLE IF EXISTS eke_threadtags;
CREATE TABLE eke_threadtags (
  tagname char(20) NOT NULL,
  tid int(10) unsigned NOT NULL,
  KEY tagname (tagname),
  KEY tid (tid)
) TYPE=MyISAM;


DROP TABLE IF EXISTS eke_threadtypes;
CREATE TABLE eke_threadtypes (
  typeid smallint(6) unsigned NOT NULL AUTO_INCREMENT,
  displayorder tinyint(3) NOT NULL DEFAULT '0',
  `name` varchar(255) NOT NULL DEFAULT '',
  description varchar(255) NOT NULL DEFAULT '',
  special smallint(6) NOT NULL DEFAULT '0',
  modelid smallint(6) unsigned NOT NULL DEFAULT '0',
  expiration tinyint(1) NOT NULL DEFAULT '0',
  template text NOT NULL,
  PRIMARY KEY (typeid)
) TYPE=MyISAM AUTO_INCREMENT=1;


DROP TABLE IF EXISTS eke_tradecomments;
CREATE TABLE eke_tradecomments (
  id mediumint(8) NOT NULL AUTO_INCREMENT,
  orderid char(32) NOT NULL,
  pid int(10) unsigned NOT NULL,
  `type` tinyint(1) NOT NULL,
  raterid mediumint(8) unsigned NOT NULL,
  rater char(15) NOT NULL,
  rateeid mediumint(8) unsigned NOT NULL,
  ratee char(15) NOT NULL,
  message char(200) NOT NULL,
  explanation char(200) NOT NULL,
  score tinyint(1) NOT NULL,
  dateline int(10) unsigned NOT NULL,
  PRIMARY KEY (id),
  KEY raterid (raterid,`type`,dateline),
  KEY rateeid (rateeid,`type`,dateline),
  KEY orderid (orderid)
) TYPE=MyISAM AUTO_INCREMENT=1;


DROP TABLE IF EXISTS eke_tradelog;
CREATE TABLE eke_tradelog (
  tid mediumint(8) unsigned NOT NULL,
  pid int(10) unsigned NOT NULL,
  orderid varchar(32) NOT NULL,
  tradeno varchar(32) NOT NULL,
  `subject` varchar(100) NOT NULL,
  price decimal(8,2) NOT NULL,
  quality tinyint(1) unsigned NOT NULL DEFAULT '0',
  itemtype tinyint(1) NOT NULL DEFAULT '0',
  number smallint(5) unsigned NOT NULL DEFAULT '0',
  tax decimal(6,2) unsigned NOT NULL DEFAULT '0.00',
  locus varchar(100) NOT NULL,
  sellerid mediumint(8) unsigned NOT NULL,
  seller varchar(15) NOT NULL,
  selleraccount varchar(50) NOT NULL,
  buyerid mediumint(8) unsigned NOT NULL,
  buyer varchar(15) NOT NULL,
  buyercontact varchar(50) NOT NULL,
  buyercredits smallint(5) unsigned NOT NULL DEFAULT '0',
  buyermsg varchar(200) DEFAULT NULL,
  `status` tinyint(1) NOT NULL DEFAULT '0',
  lastupdate int(10) unsigned NOT NULL DEFAULT '0',
  offline tinyint(1) NOT NULL DEFAULT '0',
  buyername varchar(50) NOT NULL,
  buyerzip varchar(10) NOT NULL,
  buyerphone varchar(20) NOT NULL,
  buyermobile varchar(20) NOT NULL,
  transport tinyint(1) NOT NULL DEFAULT '0',
  transportfee smallint(6) unsigned NOT NULL DEFAULT '0',
  baseprice decimal(8,2) NOT NULL,
  discount tinyint(1) NOT NULL DEFAULT '0',
  ratestatus tinyint(1) NOT NULL DEFAULT '0',
  message text NOT NULL,
  UNIQUE KEY orderid (orderid),
  KEY sellerid (sellerid),
  KEY buyerid (buyerid),
  KEY `status` (`status`),
  KEY buyerlog (buyerid,`status`,lastupdate),
  KEY sellerlog (sellerid,`status`,lastupdate),
  KEY tid (tid,pid),
  KEY pid (pid)
) TYPE=MyISAM;


DROP TABLE IF EXISTS eke_tradeoptionvars;
CREATE TABLE eke_tradeoptionvars (
  typeid smallint(6) unsigned NOT NULL DEFAULT '0',
  pid mediumint(8) unsigned NOT NULL DEFAULT '0',
  optionid smallint(6) unsigned NOT NULL DEFAULT '0',
  `value` mediumtext NOT NULL,
  KEY typeid (typeid),
  KEY pid (pid)
) TYPE=MyISAM;


DROP TABLE IF EXISTS eke_trades;
CREATE TABLE eke_trades (
  tid mediumint(8) unsigned NOT NULL,
  pid int(10) unsigned NOT NULL,
  typeid smallint(6) unsigned NOT NULL,
  sellerid mediumint(8) unsigned NOT NULL,
  seller char(15) NOT NULL,
  account char(50) NOT NULL,
  `subject` char(100) NOT NULL,
  price decimal(8,2) NOT NULL,
  amount smallint(6) unsigned NOT NULL DEFAULT '1',
  quality tinyint(1) unsigned NOT NULL DEFAULT '0',
  locus char(20) NOT NULL,
  transport tinyint(1) NOT NULL DEFAULT '0',
  ordinaryfee smallint(4) unsigned NOT NULL DEFAULT '0',
  expressfee smallint(4) unsigned NOT NULL DEFAULT '0',
  emsfee smallint(4) unsigned NOT NULL DEFAULT '0',
  itemtype tinyint(1) NOT NULL DEFAULT '0',
  dateline int(10) unsigned NOT NULL DEFAULT '0',
  expiration int(10) unsigned NOT NULL DEFAULT '0',
  lastbuyer char(15) NOT NULL,
  lastupdate int(10) unsigned NOT NULL DEFAULT '0',
  totalitems smallint(5) unsigned NOT NULL DEFAULT '0',
  tradesum decimal(8,2) NOT NULL DEFAULT '0.00',
  closed tinyint(1) NOT NULL DEFAULT '0',
  aid mediumint(8) unsigned NOT NULL,
  displayorder tinyint(1) NOT NULL,
  costprice decimal(8,2) NOT NULL,
  PRIMARY KEY (tid,pid),
  KEY sellerid (sellerid),
  KEY totalitems (totalitems),
  KEY tradesum (tradesum),
  KEY displayorder (tid,displayorder),
  KEY sellertrades (sellerid,tradesum,totalitems),
  KEY typeid (typeid)
) TYPE=MyISAM;

DROP TABLE IF EXISTS eke_typemodels;
CREATE TABLE eke_typemodels (
  id smallint(6) unsigned NOT NULL AUTO_INCREMENT,
  `name` varchar(20) NOT NULL,
  displayorder tinyint(3) NOT NULL DEFAULT '0',
  `type` tinyint(1) NOT NULL DEFAULT '0',
  options mediumtext NOT NULL,
  customoptions mediumtext NOT NULL,
  PRIMARY KEY (id)
) TYPE=MyISAM AUTO_INCREMENT=100;

INSERT INTO eke_typemodels VALUES ('1','房屋交易信息','0','1','7	10	13	65	66	68','');
INSERT INTO eke_typemodels VALUES ('2','车票交易信息','0','1','55	56	58	67	7	13	68','');
INSERT INTO eke_typemodels VALUES ('3','兴趣交友信息','0','1','8	9	31','');
INSERT INTO eke_typemodels VALUES ('4','公司招聘信息','0','1','34	48	54	51	47	46	44	45	52	53','');

ALTER TABLE eke_typemodels AUTO_INCREMENT=101;

DROP TABLE IF EXISTS eke_typeoptions;
CREATE TABLE eke_typeoptions (
  optionid smallint(6) unsigned NOT NULL auto_increment,
  classid smallint(6) unsigned NOT NULL default '0',
  displayorder tinyint(3) NOT NULL default '0',
  title varchar(100) NOT NULL default '',
  description varchar(255) NOT NULL default '',
  identifier varchar(40) NOT NULL default '',
  `type` varchar(20) NOT NULL default '',
  rules mediumtext NOT NULL,
  PRIMARY KEY  (optionid),
  KEY classid (classid)
) TYPE=MyISAM  AUTO_INCREMENT=3001 ;

INSERT INTO eke_typeoptions VALUES (1, 0, 0, '通用类', '', '', '', '');
INSERT INTO eke_typeoptions VALUES (2, 0, 0, '房产类', '', '', '', '');
INSERT INTO eke_typeoptions VALUES (3, 0, 0, '交友类', '', '', '', '');
INSERT INTO eke_typeoptions VALUES (4, 0, 0, '求职招聘类', '', '', '', '');
INSERT INTO eke_typeoptions VALUES (5, 0, 0, '交易类', '', '', '', '');
INSERT INTO eke_typeoptions VALUES (6, 0, 0, '互联网类', '', '', '', '');
INSERT INTO eke_typeoptions VALUES (7, 1, 0, '姓名', '', 'name', 'text', '');
INSERT INTO eke_typeoptions VALUES (9, 1, 0, '年龄', '', 'age', 'number', '');
INSERT INTO eke_typeoptions VALUES (10, 1, 0, '地址', '', 'address', 'text', '');
INSERT INTO eke_typeoptions VALUES (11, 1, 0, 'QQ', '', 'qq', 'number', '');
INSERT INTO eke_typeoptions VALUES (12, 1, 0, '邮箱', '', 'mail', 'email', '');
INSERT INTO eke_typeoptions VALUES (13, 1, 0, '电话', '', 'phone', 'text', '');
INSERT INTO eke_typeoptions VALUES (14, 5, 0, '培训费用', '', 'teach_pay', 'text', '');
INSERT INTO eke_typeoptions VALUES (15, 5, 0, '培训时间', '', 'teach_time', 'text', '');
INSERT INTO eke_typeoptions VALUES (20, 2, 0, '楼层', '', 'floor', 'number', '');
INSERT INTO eke_typeoptions VALUES (21, 2, 0, '交通状况', '', 'traf', 'textarea', '');
INSERT INTO eke_typeoptions VALUES (22, 2, 0, '地图', '', 'images', 'image', '');
INSERT INTO eke_typeoptions VALUES (24, 2, 0, '价格', '', 'price', 'text', '');
INSERT INTO eke_typeoptions VALUES (26, 5, 0, '培训名称', '', 'teach_name', 'text', '');
INSERT INTO eke_typeoptions VALUES (28, 3, 0, '身高', '', 'heighth', 'number', '');
INSERT INTO eke_typeoptions VALUES (29, 3, 0, '体重', '', 'weighth', 'number', '');
INSERT INTO eke_typeoptions VALUES (33, 1, 0, '照片', '', 'photo', 'image', '');
INSERT INTO eke_typeoptions VALUES (35, 5, 0, '服务方式', '', 'service_type', 'text', '');
INSERT INTO eke_typeoptions VALUES (36, 5, 0, '服务时间', '', 'service_time', 'text', '');
INSERT INTO eke_typeoptions VALUES (37, 5, 0, '服务费用', '', 'service_pay', 'text', '');
INSERT INTO eke_typeoptions VALUES (39, 6, 0, '网址', '', 'site_url', 'url', '');
INSERT INTO eke_typeoptions VALUES (40, 6, 0, '电子邮件', '', 'site_mail', 'email', '');
INSERT INTO eke_typeoptions VALUES (42, 6, 0, '网站名称', '', 'site_name', 'text', '');
INSERT INTO eke_typeoptions VALUES (46, 4, 0, '职位', '', 'recr_intend', 'text', '');
INSERT INTO eke_typeoptions VALUES (47, 4, 0, '工作地点', '', 'recr_palce', 'text', '');
INSERT INTO eke_typeoptions VALUES (49, 4, 0, '有效期至', '', 'recr_end', 'calendar', '');
INSERT INTO eke_typeoptions VALUES (51, 4, 0, '公司名称', '', 'recr_com', 'text', '');
INSERT INTO eke_typeoptions VALUES (52, 4, 0, '年龄要求', '', 'recr_age', 'text', '');
INSERT INTO eke_typeoptions VALUES (54, 4, 0, '专业', '', 'recr_abli', 'text', '');
INSERT INTO eke_typeoptions VALUES (55, 5, 0, '始发', '', 'leaves', 'text', '');
INSERT INTO eke_typeoptions VALUES (56, 5, 0, '终点', '', 'boundfor', 'text', '');
INSERT INTO eke_typeoptions VALUES (57, 6, 0, 'Alexa排名', '', 'site_top', 'number', '');
INSERT INTO eke_typeoptions VALUES (58, 5, 0, '车次/航班', '', 'train_no', 'text', '');
INSERT INTO eke_typeoptions VALUES (59, 5, 0, '数量', '', 'trade_num', 'number', '');
INSERT INTO eke_typeoptions VALUES (60, 5, 0, '价格', '', 'trade_price', 'text', '');
INSERT INTO eke_typeoptions VALUES (61, 5, 0, '有效期至', '', 'trade_end', 'calendar', '');
INSERT INTO eke_typeoptions VALUES (63, 1, 0, '详细描述', '', 'detail_content', 'textarea', '');
INSERT INTO eke_typeoptions VALUES (64, 1, 0, '籍贯', '', 'born_place', 'text', '');
INSERT INTO eke_typeoptions VALUES (65, 2, 0, '租金', '', 'money', 'text', '');
INSERT INTO eke_typeoptions VALUES (66, 2, 0, '面积', '', 'acreage', 'text', '');
INSERT INTO eke_typeoptions VALUES (67, 5, 0, '发车时间', '', 'time', 'calendar', 'N;');
INSERT INTO eke_typeoptions VALUES (68, 1, 0, '所在地', '', 'now_place', 'text', '');


DROP TABLE IF EXISTS eke_typeoptionvars;
CREATE TABLE eke_typeoptionvars (
  typeid smallint(6) unsigned NOT NULL DEFAULT '0',
  tid mediumint(8) unsigned NOT NULL DEFAULT '0',
  optionid smallint(6) unsigned NOT NULL DEFAULT '0',
  expiration int(10) unsigned NOT NULL DEFAULT '0',
  `value` mediumtext NOT NULL,
  KEY typeid (typeid),
  KEY tid (tid)
) TYPE=MyISAM;


DROP TABLE IF EXISTS eke_typevars;
CREATE TABLE eke_typevars (
  typeid smallint(6) NOT NULL DEFAULT '0',
  optionid smallint(6) NOT NULL DEFAULT '0',
  available tinyint(1) NOT NULL DEFAULT '0',
  required tinyint(1) NOT NULL DEFAULT '0',
  unchangeable tinyint(1) NOT NULL DEFAULT '0',
  search tinyint(1) NOT NULL DEFAULT '0',
  displayorder tinyint(3) NOT NULL DEFAULT '0',
  UNIQUE KEY optionid (typeid,optionid),
  KEY typeid (typeid)
) TYPE=MyISAM;


DROP TABLE IF EXISTS eke_usergroups;
CREATE TABLE eke_usergroups (
  groupid smallint(6) unsigned NOT NULL AUTO_INCREMENT,
  radminid tinyint(3) NOT NULL DEFAULT '0',
  `type` enum('system','special','member') NOT NULL DEFAULT 'member',
  system char(8) NOT NULL DEFAULT 'private',
  grouptitle char(30) NOT NULL DEFAULT '',
  creditshigher int(10) NOT NULL DEFAULT '0',
  creditslower int(10) NOT NULL DEFAULT '0',
  stars tinyint(3) NOT NULL DEFAULT '0',
  color char(7) NOT NULL DEFAULT '',
  groupavatar char(60) NOT NULL DEFAULT '',
  readaccess tinyint(3) unsigned NOT NULL DEFAULT '0',
  allowvisit tinyint(1) NOT NULL DEFAULT '0',
  allowpost tinyint(1) NOT NULL DEFAULT '0',
  allowreply tinyint(1) NOT NULL DEFAULT '0',
  allowpostpoll tinyint(1) NOT NULL DEFAULT '0',
  allowpostreward tinyint(1) NOT NULL DEFAULT '0',
  allowposttrade tinyint(1) NOT NULL DEFAULT '0',
  allowpostactivity tinyint(1) NOT NULL DEFAULT '0',
  allowpostvideo tinyint(1) NOT NULL DEFAULT '0',
  allowdirectpost tinyint(1) NOT NULL DEFAULT '0',
  allowgetattach tinyint(1) NOT NULL DEFAULT '0',
  allowpostattach tinyint(1) NOT NULL DEFAULT '0',
  allowvote tinyint(1) NOT NULL DEFAULT '0',
  allowmultigroups tinyint(1) NOT NULL DEFAULT '0',
  allowsearch tinyint(1) NOT NULL DEFAULT '0',
  allowavatar tinyint(1) NOT NULL DEFAULT '0',
  allowcstatus tinyint(1) NOT NULL DEFAULT '0',
  allowuseblog tinyint(1) NOT NULL DEFAULT '0',
  allowinvisible tinyint(1) NOT NULL DEFAULT '0',
  allowtransfer tinyint(1) NOT NULL DEFAULT '0',
  allowsetreadperm tinyint(1) NOT NULL DEFAULT '0',
  allowsetattachperm tinyint(1) NOT NULL DEFAULT '0',
  allowhidecode tinyint(1) NOT NULL DEFAULT '0',
  allowhtml tinyint(1) NOT NULL DEFAULT '0',
  allowcusbbcode tinyint(1) NOT NULL DEFAULT '0',
  allowanonymous tinyint(1) NOT NULL DEFAULT '0',
  allownickname tinyint(1) NOT NULL DEFAULT '0',
  allowsigbbcode tinyint(1) NOT NULL DEFAULT '0',
  allowsigimgcode tinyint(1) NOT NULL DEFAULT '0',
  allowviewpro tinyint(1) NOT NULL DEFAULT '0',
  allowviewstats tinyint(1) NOT NULL DEFAULT '0',
  disableperiodctrl tinyint(1) NOT NULL DEFAULT '0',
  reasonpm tinyint(1) NOT NULL DEFAULT '0',
  maxprice smallint(6) unsigned NOT NULL DEFAULT '0',
  maxpmnum smallint(6) unsigned NOT NULL DEFAULT '0',
  maxsigsize smallint(6) unsigned NOT NULL DEFAULT '0',
  maxattachsize mediumint(8) unsigned NOT NULL DEFAULT '0',
  maxsizeperday int(10) unsigned NOT NULL DEFAULT '0',
  maxpostsperhour tinyint(3) unsigned NOT NULL DEFAULT '0',
  attachextensions char(100) NOT NULL DEFAULT '',
  raterange char(150) NOT NULL DEFAULT '',
  mintradeprice smallint(6) unsigned NOT NULL DEFAULT '1',
  maxtradeprice smallint(6) unsigned NOT NULL DEFAULT '0',
  minrewardprice smallint(6) NOT NULL DEFAULT '1',
  maxrewardprice smallint(6) NOT NULL DEFAULT '0',
  magicsdiscount tinyint(1) NOT NULL,
  allowmagics tinyint(1) unsigned NOT NULL,
  maxmagicsweight smallint(6) unsigned NOT NULL,
  allowbiobbcode tinyint(1) unsigned NOT NULL DEFAULT '0',
  allowbioimgcode tinyint(1) unsigned NOT NULL DEFAULT '0',
  maxbiosize smallint(6) unsigned NOT NULL DEFAULT '0',
  allowinvite tinyint(1) NOT NULL DEFAULT '0',
  allowmailinvite tinyint(1) NOT NULL DEFAULT '0',
  maxinvitenum tinyint(3) unsigned NOT NULL DEFAULT '0',
  inviteprice smallint(6) unsigned NOT NULL DEFAULT '0',
  maxinviteday smallint(6) unsigned NOT NULL DEFAULT '0',
  allowpostdebate tinyint(1) NOT NULL DEFAULT '0',
  tradestick tinyint(1) unsigned NOT NULL,
  PRIMARY KEY (groupid),
  KEY creditsrange (creditshigher,creditslower)
) TYPE=MyISAM AUTO_INCREMENT=16;

INSERT INTO eke_usergroups VALUES ('1','1','system','private','管理员','0','0','9','','','200','1','1','1','1','1','1','1','1','3','1','1','1','1','2','3','1','1','1','1','1','1','1','0','1','1','1','1','1','1','1','1','0','30','200','500','2048000','0','0','','1	-30	30	500','1','0','1','0','0','2','200','2','2','0','0','0','0','0','0','1','5');
INSERT INTO eke_usergroups VALUES ('2','2','system','private','超级版主','0','0','8','','','150','1','1','1','1','1','1','1','1','1','1','1','1','1','1','3','1','1','1','1','1','1','1','0','1','0','1','1','1','1','1','1','0','20','120','300','2048000','0','0','chm, pdf, zip, rar, tar, gz, bzip2, gif, jpg, jpeg, png','1	-15	15	50','1','0','1','0','0','2','180','2','2','0','0','0','0','0','0','1','5');
INSERT INTO eke_usergroups VALUES ('3','3','system','private','版主','0','0','7','','','100','1','1','1','1','1','1','1','1','1','1','1','1','1','1','3','1','1','0','1','1','1','1','0','1','0','1','1','1','1','1','1','0','10','80','200','2048000','0','0','chm, pdf, zip, rar, tar, gz, bzip2, gif, jpg, jpeg, png','1	-10	10	30','1','0','1','0','0','2','160','2','2','0','0','0','0','0','0','1','5');
INSERT INTO eke_usergroups VALUES ('4','0','system','private','禁止发言','0','0','0','','','0','1','0','0','0','0','0','0','0','0','0','0','0','0','0','0','0','0','0','0','0','0','0','0','0','0','0','0','0','0','0','0','0','0','0','0','0','0','0','','','1','0','1','0','1','0','0','0','0','0','0','0','0','0','0','0','5');
INSERT INTO eke_usergroups VALUES ('5','0','system','private','禁止访问','0','0','0','','','0','0','0','0','0','0','0','0','0','0','0','0','0','0','0','0','0','0','0','0','0','0','0','0','0','0','0','0','0','0','0','0','0','0','0','0','0','0','0','','','1','0','1','0','1','0','0','0','0','0','0','0','0','0','0','0','5');
INSERT INTO eke_usergroups VALUES ('6','0','system','private','禁止 IP','0','0','0','','','0','0','0','0','0','0','0','0','0','0','0','0','0','0','0','0','0','0','0','0','0','0','0','0','0','0','0','0','0','0','0','0','0','0','0','0','0','0','0','','','1','0','1','0','1','0','0','0','0','0','0','0','0','0','0','0','5');
INSERT INTO eke_usergroups VALUES ('7','0','system','private','游客','0','0','0','','','1','1','0','0','0','0','0','0','0','0','0','0','0','0','0','0','0','0','0','0','0','0','0','0','0','0','0','0','0','0','1','0','0','0','0','0','0','0','0','gif,jpg,jpeg,png','','1','0','1','0','1','0','0','0','0','0','0','0','0','0','0','0','5');
INSERT INTO eke_usergroups VALUES ('8','0','system','private','等待验证会员','0','0','0','','','0','1','0','0','0','0','0','0','0','0','0','0','0','0','0','0','0','0','0','0','0','0','0','0','0','0','0','1','0','0','0','0','0','0','0','50','0','0','0','','','1','0','1','0','1','0','0','0','0','0','0','0','0','0','0','0','5');
INSERT INTO eke_usergroups VALUES ('9','0','member','private','乞丐','-9999999','0','0','','','0','1','0','0','0','0','0','0','0','0','0','0','0','0','0','0','0','0','0','0','0','0','0','0','0','0','0','0','0','1','0','0','0','0','0','0','0','0','0','chm,pdf,zip,rar,tar,gz,bzip2,gif,jpg,jpeg,png','','1','0','1','0','1','0','0','0','0','0','0','0','0','0','0','0','5');
INSERT INTO eke_usergroups VALUES ('10','0','member','private','新手上路','0','50','1','','','10','1','1','1','0','0','1','0','0','0','1','0','0','0','1','0','0','0','0','0','0','0','0','0','0','0','0','1','0','1','0','0','0','0','20','80','0','0','0','chm, pdf, zip, rar, tar, gz, bzip2, gif, jpg, jpeg, png','','1','0','1','0','0','1','40','1','1','0','0','0','0','0','0','1','5');
INSERT INTO eke_usergroups VALUES ('11','0','member','private','注册会员','50','200','2','','','20','1','1','1','1','1','1','1','1','0','1','0','1','0','1','1','0','0','0','0','0','0','0','0','0','0','0','1','0','1','1','0','0','0','30','100','0','0','0','chm, pdf, zip, rar, tar, gz, bzip2, gif, jpg, jpeg, png','','1','0','1','0','0','1','60','1','1','0','0','0','0','0','0','1','5');
INSERT INTO eke_usergroups VALUES ('12','0','member','private','中级会员','200','500','3','','','30','1','1','1','1','1','1','1','1','0','1','0','1','0','1','2','0','0','0','0','0','0','0','0','1','0','0','1','0','1','1','0','0','0','50','150','256000','0','0','chm, pdf, zip, rar, tar, gz, bzip2, gif, jpg, jpeg, png','','1','0','1','0','0','1','80','1','1','0','0','0','0','0','0','1','5');
INSERT INTO eke_usergroups VALUES ('13','0','member','private','高级会员','500','1000','4','','','50','1','1','1','1','1','1','1','1','0','1','1','1','1','1','3','1','0','0','0','0','0','0','0','1','0','1','1','0','1','1','0','0','0','60','200','512000','0','0','chm, pdf, zip, rar, tar, gz, bzip2, gif, jpg, jpeg, png','1	-10	10	30','1','0','1','0','0','2','100','2','2','0','0','0','0','0','0','1','5');
INSERT INTO eke_usergroups VALUES ('14','0','member','private','金牌会员','1000','3000','6','','','70','1','1','1','1','1','1','1','1','0','1','1','1','1','1','3','1','0','0','0','1','1','0','0','1','0','1','1','1','1','1','0','0','0','80','300','1024000','0','0','chm, pdf, zip, rar, tar, gz, bzip2, gif, jpg, jpeg, png','1	-15	15	40','1','0','1','0','0','2','120','2','2','0','0','0','0','0','0','1','5');
INSERT INTO eke_usergroups VALUES ('15','0','member','private','论坛元老','3000','9999999','8','','','90','1','1','1','1','1','1','1','1','0','1','1','1','1','1','3','1','0','1','0','1','1','0','0','1','1','1','1','1','1','1','0','0','0','100','500','2048000','0','0','chm, pdf, zip, rar, tar, gz, bzip2, gif, jpg, jpeg, png','1	-20	20	50','1','0','1','0','0','2','140','2','2','0','0','0','0','0','0','1','5');

DROP TABLE IF EXISTS eke_validating;
CREATE TABLE eke_validating (
  uid mediumint(8) unsigned NOT NULL DEFAULT '0',
  submitdate int(10) unsigned NOT NULL DEFAULT '0',
  moddate int(10) unsigned NOT NULL DEFAULT '0',
  admin varchar(15) NOT NULL DEFAULT '',
  submittimes tinyint(3) unsigned NOT NULL DEFAULT '0',
  `status` tinyint(1) NOT NULL DEFAULT '0',
  message text NOT NULL,
  remark text NOT NULL,
  PRIMARY KEY (uid),
  KEY `status` (`status`)
) TYPE=MyISAM;


DROP TABLE IF EXISTS eke_videos;
CREATE TABLE eke_videos (
  vid varchar(16) NOT NULL DEFAULT '',
  uid mediumint(8) unsigned NOT NULL DEFAULT '0',
  dateline int(10) unsigned NOT NULL DEFAULT '0',
  tid mediumint(8) unsigned NOT NULL DEFAULT '0',
  pid int(10) unsigned NOT NULL DEFAULT '0',
  vtype tinyint(1) unsigned NOT NULL DEFAULT '0',
  vview mediumint(8) unsigned NOT NULL DEFAULT '0',
  vtime smallint(6) unsigned NOT NULL DEFAULT '0',
  visup tinyint(1) unsigned NOT NULL DEFAULT '0',
  vthumb varchar(128) NOT NULL DEFAULT '',
  vtitle varchar(64) NOT NULL DEFAULT '',
  vclass varchar(32) NOT NULL DEFAULT '',
  vautoplay tinyint(1) NOT NULL DEFAULT '0',
  PRIMARY KEY (vid),
  UNIQUE KEY uid (vid,uid),
  KEY dateline (dateline)
) TYPE=MyISAM;


DROP TABLE IF EXISTS eke_videotags;
CREATE TABLE eke_videotags (
  tagname char(10) NOT NULL DEFAULT '',
  vid char(14) NOT NULL DEFAULT '',
  tid mediumint(8) unsigned NOT NULL DEFAULT '0',
  UNIQUE KEY tagname (tagname,vid),
  KEY tid (tid)
) TYPE=MyISAM;


DROP TABLE IF EXISTS eke_words;
CREATE TABLE eke_words (
  id smallint(6) unsigned NOT NULL AUTO_INCREMENT,
  admin varchar(15) NOT NULL DEFAULT '',
  find varchar(255) NOT NULL DEFAULT '',
  replacement varchar(255) NOT NULL DEFAULT '',
  PRIMARY KEY (id)
) TYPE=MyISAM AUTO_INCREMENT=1;


